iso_time_utc,elapsed_s,step_idx,rover_pos_x,rover_pos_y,rover_pos_z,heading,pitch,roll,lidar_00_front_left_wheel_hub_yaw_p30_yaw_30_pitch_0_cm,lidar_01_front_left_frame_yaw_p20_pitch_n20_yaw_20_pitch_-20_cm,lidar_02_front_center_frame_forward_yaw_0_pitch_0_cm,lidar_03_front_right_frame_yaw_n20_pitch_n20_yaw_-20_pitch_-20_cm,lidar_04_front_right_wheel_hub_yaw_n30_yaw_-30_pitch_0_cm,lidar_05_front_left_frame_pitch_n25_yaw_0_pitch_-25_cm,lidar_06_front_right_frame_pitch_n25_yaw_0_pitch_-25_cm,lidar_07_left_mid_frame_left_pitch_n20_yaw_90_pitch_-20_cm,lidar_08_right_mid_frame_right_pitch_n20_yaw_-90_pitch_-20_cm,lidar_09_rear_left_wheel_hub_back_yaw_p40_yaw_140_pitch_0_cm,lidar_10_rear_left_frame_backward_yaw_180_pitch_0_cm,lidar_11_rear_right_frame_backward_yaw_180_pitch_0_cm,lidar_12_rear_right_wheel_hub_back_yaw_n40_yaw_-140_pitch_0_cm,lidar_13_front_left_frame_yaw_p20_pitch_n10_yaw_20_pitch_-10_cm,lidar_14_front_right_frame_yaw_n20_pitch_n10_yaw_-20_pitch_-10_cm,lidar_15_front_left_wheel_hub_yaw_p15_yaw_15_pitch_0_cm,lidar_16_front_right_wheel_hub_yaw_n15_yaw_-15_pitch_0_cm
2026-03-22T16:24:54Z,283.706,808,-5691.800293,-10079.299805,1441.300049,256.200012,-0.5,5.2,0,-1,-1,-1,512.55,-1,384.38,464.42,430.39,823.25,404.44,443.15,-1,-1,-1,-1,-1
2026-03-22T16:24:54Z,284.076,809,-5691.800293,-10079.299805,1441.300049,256.200012,-0.5,5.2,0,-1,-1,-1,512.55,-1,384.38,464.42,430.39,823.25,404.44,443.15,-1,-1,-1,-1,-1
2026-03-22T16:24:55Z,284.557,810,-5692.600098,-10079.600586,1441.300049,255.300003,-0.2,5.4,0,-1,-1,-1,-1,-1,-1,456.82,429.07,-1,354.8,392.79,-1,-1,-1,-1,-1
2026-03-22T16:24:55Z,284.891,811,-5692.600098,-10079.600586,1441.300049,255.300003,-0.2,5.4,0,-1,-1,-1,-1,-1,-1,456.82,429.07,-1,354.8,392.79,-1,-1,-1,-1,-1
2026-03-22T16:24:55Z,285.256,812,-5693.200195,-10079.700195,1441.300049,253.699997,0.2,6,0,523.88,-1,477.91,608.66,407.52,395.99,437.65,445.83,767.42,304.34,346.2,-1,-1,-1,-1,595.69
2026-03-22T16:24:56Z,285.547,813,-5693.200195,-10079.700195,1441.300049,253.699997,0.2,6,0,523.88,-1,477.91,608.66,407.52,395.99,437.65,445.83,767.42,304.34,346.2,-1,-1,-1,-1,595.69
2026-03-22T16:24:56Z,285.833,814,-5693.200195,-10079.700195,1441.300049,253.699997,0.2,6,0,523.88,-1,477.91,608.66,407.52,395.99,437.65,445.83,767.42,304.34,346.2,-1,-1,-1,-1,595.69
2026-03-22T16:24:56Z,286.137,815,-5693.800293,-10080,1441.400024,249.600006,0.8,7.3,0,507.97,-1,495.09,791.4,407.48,401.9,398.11,502.62,667.2,250.54,311.86,-1,-1,-1,-1,730.64
2026-03-22T16:24:57Z,286.511,816,-5693.800293,-10080,1441.400024,249.600006,0.8,7.3,0,507.97,-1,495.09,791.4,407.48,401.9,398.11,502.62,667.2,250.54,311.86,-1,-1,-1,-1,730.64
2026-03-22T16:24:57Z,286.832,817,-5693.800293,-10080,1441.400024,249.600006,0.8,7.3,0,507.97,-1,495.09,791.4,407.48,401.9,398.11,502.62,667.2,250.54,311.86,-1,-1,-1,-1,730.64
2026-03-22T16:24:57Z,287.135,818,-5694.5,-10080.5,1441.400024,242,1.8,8.1,0,502.92,-1,518.62,-1,407.18,402.53,377.6,558.27,610.14,220.95,271.13,-1,920.72,-1,-1,889.33
2026-03-22T16:24:58Z,287.455,819,-5694.5,-10080.5,1441.400024,242,1.8,8.1,0,502.92,-1,518.62,-1,407.18,402.53,377.6,558.27,610.14,220.95,271.13,-1,920.72,-1,-1,889.33
2026-03-22T16:24:58Z,287.830,820,-5694.5,-10080.5,1441.400024,242,1.8,8.1,0,502.92,-1,518.62,-1,407.18,402.53,377.6,558.27,610.14,220.95,271.13,-1,920.72,-1,-1,889.33
2026-03-22T16:24:58Z,288.152,821,-5695.100098,-10081.100586,1441.400024,233.5,3.1,7.8,0,520.23,-1,567.96,-1,411.03,409.13,381.42,574.23,614.78,210.39,243.02,-1,803.97,-1,844.26,-1
2026-03-22T16:24:59Z,288.465,822,-5695.100098,-10081.100586,1441.400024,233.5,3.1,7.8,0,520.23,-1,567.96,-1,411.03,409.13,381.42,574.23,614.78,210.39,243.02,-1,803.97,-1,844.26,-1
2026-03-22T16:24:59Z,288.818,823,-5695.100098,-10081.100586,1441.400024,233.5,3.1,7.8,0,520.23,-1,567.96,-1,411.03,409.13,381.42,574.23,614.78,210.39,243.02,-1,803.97,-1,844.26,-1
2026-03-22T16:24:59Z,289.142,824,-5695.5,-10081.700195,1441.5,224.400009,4.4,6.7,-660793871826944,544.75,-1,610.7,1131.37,430.9,444.2,403.04,552.3,671.09,214.89,220.25,-1,-1,-1,-1,-1
2026-03-22T16:24:59Z,289.441,825,-5695.5,-10081.700195,1441.5,224.400009,4.4,6.7,-660793871826944,544.75,-1,610.7,1131.37,430.9,444.2,403.04,552.3,671.09,214.89,220.25,-1,-1,-1,-1,-1
2026-03-22T16:25:00Z,289.747,826,-5695.5,-10081.700195,1441.5,224.400009,4.4,6.7,-660793871826944,544.75,-1,610.7,1131.37,430.9,444.2,403.04,552.3,671.09,214.89,220.25,-1,-1,-1,-1,-1
2026-03-22T16:25:00Z,290.114,827,-5695.899902,-10082.5,1441.599976,215.400009,5.6,5.8,0,601.61,-1,1277.67,1322.9,466.86,477.58,415.12,545.25,-1,224.98,223.15,-1,-1,1330.63,-1,1250.24
2026-03-22T16:25:00Z,290.430,828,-5695.899902,-10082.5,1441.599976,215.400009,5.6,5.8,0,601.61,-1,1277.67,1322.9,466.86,477.58,415.12,545.25,-1,224.98,223.15,-1,-1,1330.63,-1,1250.24
2026-03-22T16:25:01Z,290.760,829,-5695.899902,-10082.5,1441.599976,215.400009,5.6,5.8,0,601.61,-1,1277.67,1322.9,466.86,477.58,415.12,545.25,-1,224.98,223.15,-1,-1,1330.63,-1,1250.24
2026-03-22T16:25:02Z,291.622,830,-5696.100098,-10083.200195,1441.700073,206.699997,6.5,4.9,0,648.34,-1,1042.12,-1,499.43,-1,419.57,544.23,969.23,230.35,230.4,1012.74,-1,1033.33,-1,1013.78
2026-03-22T16:25:02Z,291.914,831,-5696.300293,-10083.799805,1441.800049,199.400009,7.1,3.7,0,707.4,-1,-1,-1,527.28,549.85,440.87,525.8,799.06,233.61,237.88,-1,-1,1127.54,-1,-1
2026-03-22T16:25:02Z,292.181,832,-5696.300293,-10083.799805,1441.800049,199.400009,7.1,3.7,0,707.4,-1,-1,-1,527.28,549.85,440.87,525.8,799.06,233.61,237.88,-1,-1,1127.54,-1,-1
2026-03-22T16:25:02Z,292.481,833,-5696.300293,-10083.799805,1441.800049,199.400009,7.1,3.7,0,707.4,-1,-1,-1,527.28,549.85,440.87,525.8,799.06,233.61,237.88,-1,-1,1127.54,-1,-1
2026-03-22T16:25:03Z,292.747,834,-5696.300293,-10083.799805,1441.800049,199.400009,7.1,3.7,0,707.4,-1,-1,-1,527.28,549.85,440.87,525.8,799.06,233.61,237.88,-1,-1,1127.54,-1,-1
2026-03-22T16:25:03Z,293.137,835,-5696.300293,-10084.600586,1441.900024,191.199997,6.9,2.2,0,729.65,-1,-1,-1,545.44,561.43,469.06,494.92,914.73,274.74,271.36,766.77,-1,-1,-1,-1
2026-03-22T16:25:03Z,293.429,836,-5696.300293,-10084.600586,1441.900024,191.199997,6.9,2.2,0,729.65,-1,-1,-1,545.44,561.43,469.06,494.92,914.73,274.74,271.36,766.77,-1,-1,-1,-1
2026-03-22T16:25:04Z,293.709,837,-5696.300293,-10084.600586,1441.900024,191.199997,6.9,2.2,0,729.65,-1,-1,-1,545.44,561.43,469.06,494.92,914.73,274.74,271.36,766.77,-1,-1,-1,-1
2026-03-22T16:25:04Z,293.985,838,-5696.300293,-10084.600586,1441.900024,191.199997,6.9,2.2,0,729.65,-1,-1,-1,545.44,561.43,469.06,494.92,914.73,274.74,271.36,766.77,-1,-1,-1,-1
2026-03-22T16:25:04Z,294.296,839,-5696.200195,-10085.299805,1441.900024,183.199997,5.6,1.2,0,-1,-1,-1,-1,512.37,516.67,460.47,484.05,884.84,373.02,366.11,831.59,1727.78,-1,-1,-1
2026-03-22T16:25:05Z,294.553,840,-5696.200195,-10085.299805,1441.900024,183.199997,5.6,1.2,0,-1,-1,-1,-1,512.37,516.67,460.47,484.05,884.84,373.02,366.11,831.59,1727.78,-1,-1,-1
2026-03-22T16:25:05Z,294.804,841,-5696.200195,-10085.299805,1441.900024,183.199997,5.6,1.2,0,-1,-1,-1,-1,512.37,516.67,460.47,484.05,884.84,373.02,366.11,831.59,1727.78,-1,-1,-1
2026-03-22T16:25:05Z,295.062,842,-5696,-10085.900391,1442,175.800003,4.2,0.8,0,753.29,-1,-1,1921.29,469.88,468.85,445.06,488.22,786.18,513.42,482.53,957.26,739.33,-1,-1,-1
2026-03-22T16:25:05Z,295.323,843,-5696,-10085.900391,1442,175.800003,4.2,0.8,0,753.29,-1,-1,1921.29,469.88,468.85,445.06,488.22,786.18,513.42,482.53,957.26,739.33,-1,-1,-1
2026-03-22T16:25:06Z,295.570,844,-5696,-10085.900391,1442,175.800003,4.2,0.8,0,753.29,-1,-1,1921.29,469.88,468.85,445.06,488.22,786.18,513.42,482.53,957.26,739.33,-1,-1,-1
2026-03-22T16:25:06Z,295.848,845,-5696,-10085.900391,1442,175.800003,4.2,0.8,0,753.29,-1,-1,1921.29,469.88,468.85,445.06,488.22,786.18,513.42,482.53,957.26,739.33,-1,-1,-1
2026-03-22T16:25:06Z,296.155,846,-5695.800293,-10086.5,1442,168.5,3.5,0.3,0,859.93,-1,-1,1567.78,448.58,448.49,440.99,483.86,763.71,605.94,579.15,1002.08,742.39,-1,712.73,-1
2026-03-22T16:25:07Z,296.524,847,-5695.800293,-10086.5,1442,168.5,3.5,0.3,0,859.93,-1,-1,1567.78,448.58,448.49,440.99,483.86,763.71,605.94,579.15,1002.08,742.39,-1,712.73,-1
2026-03-22T16:25:07Z,296.817,848,-5695.800293,-10086.5,1442,168.5,3.5,0.3,0,859.93,-1,-1,1567.78,448.58,448.49,440.99,483.86,763.71,605.94,579.15,1002.08,742.39,-1,712.73,-1
2026-03-22T16:25:07Z,297.126,849,-5695.5,-10087.200195,1442.099976,160.400009,3.2,-0.3,49.78,-1,-1,572.68,-1,-1,456.46,439.17,481.55,772.09,608.77,595.71,992.15,-1,1645.71,-1,1572.65
2026-03-22T16:25:07Z,297.361,850,-5695.5,-10087.200195,1442.099976,160.400009,3.2,-0.3,49.78,-1,-1,572.68,-1,-1,456.46,439.17,481.55,772.09,608.77,595.71,992.15,-1,1645.71,-1,1572.65
2026-03-22T16:25:08Z,297.603,851,-5695.5,-10087.200195,1442.099976,160.400009,3.2,-0.3,49.78,-1,-1,572.68,-1,-1,456.46,439.17,481.55,772.09,608.77,595.71,992.15,-1,1645.71,-1,1572.65
2026-03-22T16:25:08Z,297.863,852,-5695.5,-10087.200195,1442.099976,160.400009,3.2,-0.3,49.78,-1,-1,572.68,-1,-1,456.46,439.17,481.55,772.09,608.77,595.71,992.15,-1,1645.71,-1,1572.65
2026-03-22T16:25:08Z,298.116,853,-5695,-10087.700195,1442.099976,152.400009,2.8,-0.5,5812553728,-1,-1,569.85,-1,-1,451.72,421.63,497.19,-1,586.02,603.45,1054.48,-1,-1,-1,-1
2026-03-22T16:25:08Z,298.417,854,-5695,-10087.700195,1442.099976,152.400009,2.8,-0.5,5812553728,-1,-1,569.85,-1,-1,451.72,421.63,497.19,-1,586.02,603.45,1054.48,-1,-1,-1,-1
2026-03-22T16:25:09Z,298.646,855,-5695,-10087.700195,1442.099976,152.400009,2.8,-0.5,5812553728,-1,-1,569.85,-1,-1,451.72,421.63,497.19,-1,586.02,603.45,1054.48,-1,-1,-1,-1
2026-03-22T16:25:09Z,298.890,856,-5695,-10087.700195,1442.099976,152.400009,2.8,-0.5,5812553728,-1,-1,569.85,-1,-1,451.72,421.63,497.19,-1,586.02,603.45,1054.48,-1,-1,-1,-1
2026-03-22T16:25:09Z,299.153,857,-5694.399902,-10088.299805,1442.200073,143.300003,2.3,-1,0,-1,-1,574.86,-1,-1,440,426.56,494.58,796.4,560.14,578.51,1135.8,-1,-1,-1,-1
2026-03-22T16:25:09Z,299.407,858,-5694.399902,-10088.299805,1442.200073,143.300003,2.3,-1,0,-1,-1,574.86,-1,-1,440,426.56,494.58,796.4,560.14,578.51,1135.8,-1,-1,-1,-1
2026-03-22T16:25:10Z,299.638,859,-5694.399902,-10088.299805,1442.200073,143.300003,2.3,-1,0,-1,-1,574.86,-1,-1,440,426.56,494.58,796.4,560.14,578.51,1135.8,-1,-1,-1,-1
2026-03-22T16:25:10Z,299.885,860,-5693.899902,-10088.700195,1442.200073,136,1.9,-1.6,0,548.63,-1,574.52,-1,431.32,438.4,446.72,477.93,815.37,465.05,499.98,1073.16,-1,1582.94,-1,1557.03
2026-03-22T16:25:10Z,300.158,861,-5693.899902,-10088.700195,1442.200073,136,1.9,-1.6,0,548.63,-1,574.52,-1,431.32,438.4,446.72,477.93,815.37,465.05,499.98,1073.16,-1,1582.94,-1,1557.03
2026-03-22T16:25:10Z,300.395,862,-5693.899902,-10088.700195,1442.200073,136,1.9,-1.6,0,548.63,-1,574.52,-1,431.32,438.4,446.72,477.93,815.37,465.05,499.98,1073.16,-1,1582.94,-1,1557.03
2026-03-22T16:25:11Z,300.625,863,-5693.899902,-10088.700195,1442.200073,136,1.9,-1.6,0,548.63,-1,574.52,-1,431.32,438.4,446.72,477.93,815.37,465.05,499.98,1073.16,-1,1582.94,-1,1557.03
2026-03-22T16:25:11Z,300.859,864,-5693.899902,-10088.700195,1442.200073,136,1.9,-1.6,0,548.63,-1,574.52,-1,431.32,438.4,446.72,477.93,815.37,465.05,499.98,1073.16,-1,1582.94,-1,1557.03
2026-03-22T16:25:11Z,301.112,865,-5693.200195,-10089.100586,1442.200073,127.200005,1.4,-2.1,0,537.07,-1,570.27,-1,431.03,439.89,459.57,464.73,819.91,321.96,389.29,-1,1446.25,-1,-1,-1
2026-03-22T16:25:11Z,301.399,866,-5693.200195,-10089.100586,1442.200073,127.200005,1.4,-2.1,0,537.07,-1,570.27,-1,431.03,439.89,459.57,464.73,819.91,321.96,389.29,-1,1446.25,-1,-1,-1
2026-03-22T16:25:12Z,301.635,867,-5693.200195,-10089.100586,1442.200073,127.200005,1.4,-2.1,0,537.07,-1,570.27,-1,431.03,439.89,459.57,464.73,819.91,321.96,389.29,-1,1446.25,-1,-1,-1
2026-03-22T16:25:12Z,301.871,868,-5693.200195,-10089.100586,1442.200073,127.200005,1.4,-2.1,0,537.07,-1,570.27,-1,431.03,439.89,459.57,464.73,819.91,321.96,389.29,-1,1446.25,-1,-1,-1
2026-03-22T16:25:12Z,302.143,869,-5692.600098,-10089.299805,1442.200073,120,0.6,-2.2,0,522.68,-1,554.53,-1,423.1,430.72,449.15,464.67,770.02,348.12,362.7,-1,1174.91,-1,1204.14,-1
2026-03-22T16:25:12Z,302.413,870,-5692.600098,-10089.299805,1442.200073,120,0.6,-2.2,0,522.68,-1,554.53,-1,423.1,430.72,449.15,464.67,770.02,348.12,362.7,-1,1174.91,-1,1204.14,-1
2026-03-22T16:25:13Z,302.651,871,-5692.600098,-10089.299805,1442.200073,120,0.6,-2.2,0,522.68,-1,554.53,-1,423.1,430.72,449.15,464.67,770.02,348.12,362.7,-1,1174.91,-1,1204.14,-1
2026-03-22T16:25:13Z,302.892,872,-5691.800293,-10089.5,1442.200073,111,-0.4,-2.4,-9.97763096619516e+17,515.97,-1,-1,-1,415.96,420.6,442.7,458.11,734.72,384.47,386.75,-1,-1,1377.58,-1,-1
2026-03-22T16:25:13Z,303.177,873,-5691.800293,-10089.5,1442.200073,111,-0.4,-2.4,-9.97763096619516e+17,515.97,-1,-1,-1,415.96,420.6,442.7,458.11,734.72,384.47,386.75,-1,-1,1377.58,-1,-1
2026-03-22T16:25:13Z,303.456,874,-5691.800293,-10089.5,1442.200073,111,-0.4,-2.4,-9.97763096619516e+17,515.97,-1,-1,-1,415.96,420.6,442.7,458.11,734.72,384.47,386.75,-1,-1,1377.58,-1,-1
2026-03-22T16:25:14Z,303.711,875,-5691.800293,-10089.5,1442.200073,111,-0.4,-2.4,-9.97763096619516e+17,515.97,-1,-1,-1,415.96,420.6,442.7,458.11,734.72,384.47,386.75,-1,-1,1377.58,-1,-1
2026-03-22T16:25:14Z,303.946,876,-5691.800293,-10089.5,1442.200073,111,-0.4,-2.4,-9.97763096619516e+17,515.97,-1,-1,-1,415.96,420.6,442.7,458.11,734.72,384.47,386.75,-1,-1,1377.58,-1,-1
2026-03-22T16:25:14Z,304.177,877,-5691,-10089.600586,1442.200073,105.599998,-0.2,-3.4,0,559.15,-1,-1,-1,439.42,436.48,481.41,422.71,834.45,350.13,338.54,-1,-1,-1,-1,-1
2026-03-22T16:25:14Z,304.410,878,-5691,-10089.600586,1442.200073,105.599998,-0.2,-3.4,0,559.15,-1,-1,-1,439.42,436.48,481.41,422.71,834.45,350.13,338.54,-1,-1,-1,-1,-1
2026-03-22T16:25:15Z,304.662,879,-5691,-10089.600586,1442.200073,105.599998,-0.2,-3.4,0,559.15,-1,-1,-1,439.42,436.48,481.41,422.71,834.45,350.13,338.54,-1,-1,-1,-1,-1
2026-03-22T16:25:15Z,304.923,880,-5691,-10089.600586,1442.200073,105.599998,-0.2,-3.4,0,559.15,-1,-1,-1,439.42,436.48,481.41,422.71,834.45,350.13,338.54,-1,-1,-1,-1,-1
2026-03-22T16:25:15Z,305.152,881,-5690.100098,-10089.700195,1442.099976,102.099998,0.4,-3.5,0,1200.25,1731.22,-1,-1,-1,-1,476.99,419.38,-1,279.57,271.27,947.16,1197.26,1242.42,-1,-1
2026-03-22T16:25:15Z,305.385,882,-5690.100098,-10089.700195,1442.099976,102.099998,0.4,-3.5,0,1200.25,1731.22,-1,-1,-1,-1,476.99,419.38,-1,279.57,271.27,947.16,1197.26,1242.42,-1,-1
2026-03-22T16:25:16Z,305.646,883,-5690.100098,-10089.700195,1442.099976,102.099998,0.4,-3.5,0,1200.25,1731.22,-1,-1,-1,-1,476.99,419.38,-1,279.57,271.27,947.16,1197.26,1242.42,-1,-1
2026-03-22T16:25:16Z,305.876,884,-5690.100098,-10089.700195,1442.099976,102.099998,0.4,-3.5,0,1200.25,1731.22,-1,-1,-1,-1,476.99,419.38,-1,279.57,271.27,947.16,1197.26,1242.42,-1,-1
2026-03-22T16:25:16Z,306.113,885,-5689.100098,-10089.900391,1442.099976,99.200005,-0.6,-3,0,565.88,1238.4,562.07,808.09,444.87,444.05,439.59,429.93,814.48,306.59,305.94,-1,1157.13,1107.99,1137.81,-1
2026-03-22T16:25:16Z,306.345,886,-5689.100098,-10089.900391,1442.099976,99.200005,-0.6,-3,0,565.88,1238.4,562.07,808.09,444.87,444.05,439.59,429.93,814.48,306.59,305.94,-1,1157.13,1107.99,1137.81,-1
2026-03-22T16:25:17Z,306.595,887,-5689.100098,-10089.900391,1442.099976,99.200005,-0.6,-3,0,565.88,1238.4,562.07,808.09,444.87,444.05,439.59,429.93,814.48,306.59,305.94,-1,1157.13,1107.99,1137.81,-1
2026-03-22T16:25:17Z,306.833,888,-5689.100098,-10089.900391,1442.099976,99.200005,-0.6,-3,0,565.88,1238.4,562.07,808.09,444.87,444.05,439.59,429.93,814.48,306.59,305.94,-1,1157.13,1107.99,1137.81,-1
2026-03-22T16:25:17Z,307.073,889,-5688.100098,-10090,1442.099976,97.900002,-1.3,-3.1,0,546.2,1091,534.9,-1,428.52,426.46,437.33,418.06,805.36,326.34,323.28,-1,-1,1012.04,1065.99,-1
2026-03-22T16:25:17Z,307.300,890,-5688.100098,-10090,1442.099976,97.900002,-1.3,-3.1,0,546.2,1091,534.9,-1,428.52,426.46,437.33,418.06,805.36,326.34,323.28,-1,-1,1012.04,1065.99,-1
2026-03-22T16:25:17Z,307.531,891,-5688.100098,-10090,1442.099976,97.900002,-1.3,-3.1,0,546.2,1091,534.9,-1,428.52,426.46,437.33,418.06,805.36,326.34,323.28,-1,-1,1012.04,1065.99,-1
2026-03-22T16:25:18Z,307.758,892,-5688.100098,-10090,1442.099976,97.900002,-1.3,-3.1,0,546.2,1091,534.9,-1,428.52,426.46,437.33,418.06,805.36,326.34,323.28,-1,-1,1012.04,1065.99,-1
2026-03-22T16:25:18Z,308.006,893,-5688.100098,-10090,1442.099976,97.900002,-1.3,-3.1,0,546.2,1091,534.9,-1,428.52,426.46,437.33,418.06,805.36,326.34,323.28,-1,-1,1012.04,1065.99,-1
2026-03-22T16:25:18Z,308.239,894,-5687.100098,-10090.100586,1442,97.400002,-1.5,-3.2,0,547.07,1000.92,530.47,-1,427.08,424.28,445.86,415.4,811.27,316.38,316.6,-1,-1,923.78,-1,-1
2026-03-22T16:25:18Z,308.476,895,-5687.100098,-10090.100586,1442,97.400002,-1.5,-3.2,0,547.07,1000.92,530.47,-1,427.08,424.28,445.86,415.4,811.27,316.38,316.6,-1,-1,923.78,-1,-1
2026-03-22T16:25:19Z,308.704,896,-5687.100098,-10090.100586,1442,97.400002,-1.5,-3.2,0,547.07,1000.92,530.47,-1,427.08,424.28,445.86,415.4,811.27,316.38,316.6,-1,-1,923.78,-1,-1
2026-03-22T16:25:19Z,308.940,897,-5687.100098,-10090.100586,1442,97.400002,-1.5,-3.2,0,547.07,1000.92,530.47,-1,427.08,424.28,445.86,415.4,811.27,316.38,316.6,-1,-1,923.78,-1,-1
2026-03-22T16:25:19Z,309.175,898,-5686.200195,-10090.200195,1442,96.900002,-1.9,-3.1,885.24,531.95,901.12,-1,-1,419.15,415.34,445.96,418.8,793.5,338.37,341.46,-1,-1,844.16,-1,-1
2026-03-22T16:25:19Z,309.428,899,-5686.200195,-10090.200195,1442,96.900002,-1.9,-3.1,885.24,531.95,901.12,-1,-1,419.15,415.34,445.96,418.8,793.5,338.37,341.46,-1,-1,844.16,-1,-1
2026-03-22T16:25:20Z,309.679,900,-5686.200195,-10090.200195,1442,96.900002,-1.9,-3.1,885.24,531.95,901.12,-1,-1,419.15,415.34,445.96,418.8,793.5,338.37,341.46,-1,-1,844.16,-1,-1
2026-03-22T16:25:20Z,309.913,901,-5686.200195,-10090.200195,1442,96.900002,-1.9,-3.1,885.24,531.95,901.12,-1,-1,419.15,415.34,445.96,418.8,793.5,338.37,341.46,-1,-1,844.16,-1,-1
2026-03-22T16:25:20Z,310.152,902,-5685.200195,-10090.299805,1442,96.200005,-2,-2.9,0,-1,788.89,-1,-1,-1,-1,442.55,423.62,790.7,327.11,334.46,942.95,1218.29,753.48,-1,712.1
2026-03-22T16:25:20Z,310.385,903,-5685.200195,-10090.299805,1442,96.200005,-2,-2.9,0,-1,788.89,-1,-1,-1,-1,442.55,423.62,790.7,327.11,334.46,942.95,1218.29,753.48,-1,712.1
2026-03-22T16:25:21Z,310.619,904,-5685.200195,-10090.299805,1442,96.200005,-2,-2.9,0,-1,788.89,-1,-1,-1,-1,442.55,423.62,790.7,327.11,334.46,942.95,1218.29,753.48,-1,712.1
2026-03-22T16:25:21Z,310.871,905,-5685.200195,-10090.299805,1442,96.200005,-2,-2.9,0,-1,788.89,-1,-1,-1,-1,442.55,423.62,790.7,327.11,334.46,942.95,1218.29,753.48,-1,712.1
2026-03-22T16:25:21Z,311.103,906,-5684.100098,-10090.400391,1441.900024,95.700005,-1.9,-3,0,-1,681.08,-1,552.23,-1,-1,445.39,419.99,815.36,301.97,307.96,848.29,1089.04,631.34,-1,620.68
2026-03-22T16:25:21Z,311.333,907,-5684.100098,-10090.400391,1441.900024,95.700005,-1.9,-3,0,-1,681.08,-1,552.23,-1,-1,445.39,419.99,815.36,301.97,307.96,848.29,1089.04,631.34,-1,620.68
2026-03-22T16:25:22Z,311.566,908,-5684.100098,-10090.400391,1441.900024,95.700005,-1.9,-3,0,-1,681.08,-1,552.23,-1,-1,445.39,419.99,815.36,301.97,307.96,848.29,1089.04,631.34,-1,620.68
2026-03-22T16:25:22Z,311.797,909,-5684.100098,-10090.400391,1441.900024,95.700005,-1.9,-3,0,-1,681.08,-1,552.23,-1,-1,445.39,419.99,815.36,301.97,307.96,848.29,1089.04,631.34,-1,620.68
2026-03-22T16:25:22Z,312.054,910,-5683,-10090.5,1441.900024,95.599998,-2.1,-3,0,523.47,566.07,512.23,466.59,414.73,410.31,446.53,418.03,810.49,295.36,299.93,811.3,949.65,520.19,-1,524.32
2026-03-22T16:25:22Z,312.288,911,-5683,-10090.5,1441.900024,95.599998,-2.1,-3,0,523.47,566.07,512.23,466.59,414.73,410.31,446.53,418.03,810.49,295.36,299.93,811.3,949.65,520.19,-1,524.32
2026-03-22T16:25:22Z,312.524,912,-5683,-10090.5,1441.900024,95.599998,-2.1,-3,0,523.47,566.07,512.23,466.59,414.73,410.31,446.53,418.03,810.49,295.36,299.93,811.3,949.65,520.19,-1,524.32
2026-03-22T16:25:23Z,312.757,913,-5683,-10090.5,1441.900024,95.599998,-2.1,-3,0,523.47,566.07,512.23,466.59,414.73,410.31,446.53,418.03,810.49,295.36,299.93,811.3,949.65,520.19,-1,524.32
2026-03-22T16:25:23Z,312.989,914,-5681.899902,-10090.600586,1441.800049,95.400002,-2.2,-2.8,0,512.99,450.65,505.59,380.2,408.16,404.51,446.62,421.36,792.96,297.69,302.26,819.67,-1,423.12,-1,427.11
2026-03-22T16:25:23Z,313.234,915,-5681.899902,-10090.600586,1441.800049,95.400002,-2.2,-2.8,0,512.99,450.65,505.59,380.2,408.16,404.51,446.62,421.36,792.96,297.69,302.26,819.67,-1,423.12,-1,427.11
2026-03-22T16:25:23Z,313.469,916,-5681.899902,-10090.600586,1441.800049,95.400002,-2.2,-2.8,0,512.99,450.65,505.59,380.2,408.16,404.51,446.62,421.36,792.96,297.69,302.26,819.67,-1,423.12,-1,427.11
2026-03-22T16:25:24Z,313.705,917,-5681.899902,-10090.600586,1441.800049,95.400002,-2.2,-2.8,0,512.99,450.65,505.59,380.2,408.16,404.51,446.62,421.36,792.96,297.69,302.26,819.67,-1,423.12,-1,427.11
2026-03-22T16:25:24Z,313.941,918,-5681.899902,-10090.600586,1441.800049,95.400002,-2.2,-2.8,0,512.99,450.65,505.59,380.2,408.16,404.51,446.62,421.36,792.96,297.69,302.26,819.67,-1,423.12,-1,427.11
2026-03-22T16:25:24Z,314.176,919,-5680.700195,-10090.700195,1441.800049,95.099998,-2.2,-2.7,0,-1,334.68,412.65,263.81,406.82,219.72,448.16,425.58,779.17,296.87,301.17,815.84,-1,391.63,-1,304.78
2026-03-22T16:25:24Z,314.418,920,-5680.700195,-10090.700195,1441.800049,95.099998,-2.2,-2.7,0,-1,334.68,412.65,263.81,406.82,219.72,448.16,425.58,779.17,296.87,301.17,815.84,-1,391.63,-1,304.78
2026-03-22T16:25:25Z,314.657,921,-5680.700195,-10090.700195,1441.800049,95.099998,-2.2,-2.7,0,-1,334.68,412.65,263.81,406.82,219.72,448.16,425.58,779.17,296.87,301.17,815.84,-1,391.63,-1,304.78
2026-03-22T16:25:25Z,314.938,922,-5680.700195,-10090.700195,1441.800049,95.099998,-2.2,-2.7,0,-1,334.68,412.65,263.81,406.82,219.72,448.16,425.58,779.17,296.87,301.17,815.84,-1,391.63,-1,304.78
2026-03-22T16:25:25Z,315.188,923,-5679.600098,-10090.799805,1441.700073,94.599998,-2.3,-2.6,0,495.24,218.23,260.17,155.28,296.82,236.46,447,427.49,631.02,297.03,301.92,809.49,466.38,245.98,-1,179.33
2026-03-22T16:25:25Z,315.458,924,-5679.600098,-10090.799805,1441.700073,94.599998,-2.3,-2.6,0,495.24,218.23,260.17,155.28,296.82,236.46,447,427.49,631.02,297.03,301.92,809.49,466.38,245.98,-1,179.33
2026-03-22T16:25:26Z,315.709,925,-5679.600098,-10090.799805,1441.700073,94.599998,-2.3,-2.6,0,495.24,218.23,260.17,155.28,296.82,236.46,447,427.49,631.02,297.03,301.92,809.49,466.38,245.98,-1,179.33
2026-03-22T16:25:26Z,315.950,926,-5679.600098,-10090.799805,1441.700073,94.599998,-2.3,-2.6,0,495.24,218.23,260.17,155.28,296.82,236.46,447,427.49,631.02,297.03,301.92,809.49,466.38,245.98,-1,179.33
2026-03-22T16:25:26Z,316.197,927,-5678.700195,-10090.900391,1441.700073,94.200005,-2.2,-2.6,0,447.29,122.94,141.56,74.57,155.52,109.35,448.88,426.18,571.15,284.05,287.96,779.39,354.91,133.58,-1,85.68
2026-03-22T16:25:26Z,316.454,928,-5678.700195,-10090.900391,1441.700073,94.200005,-2.2,-2.6,0,447.29,122.94,141.56,74.57,155.52,109.35,448.88,426.18,571.15,284.05,287.96,779.39,354.91,133.58,-1,85.68
2026-03-22T16:25:27Z,316.689,929,-5678.700195,-10090.900391,1441.700073,94.200005,-2.2,-2.6,0,447.29,122.94,141.56,74.57,155.52,109.35,448.88,426.18,571.15,284.05,287.96,779.39,354.91,133.58,-1,85.68
2026-03-22T16:25:27Z,316.921,930,-5678.300293,-10090.799805,1441.700073,97.200005,3.9,7.9,0,360.43,131.99,109.54,59.06,186.57,110.99,216.71,-1,249.88,35.32,122.47,-1,-1,105.76,-1,69.09
2026-03-22T16:25:27Z,317.153,931,-5678.300293,-10090.799805,1441.700073,97.200005,3.9,7.9,0,360.43,131.99,109.54,59.06,186.57,110.99,216.71,-1,249.88,35.32,122.47,-1,-1,105.76,-1,69.09
2026-03-22T16:25:27Z,317.388,932,-5678.300293,-10090.799805,1441.700073,97.200005,3.9,7.9,0,360.43,131.99,109.54,59.06,186.57,110.99,216.71,-1,249.88,35.32,122.47,-1,-1,105.76,-1,69.09
2026-03-22T16:25:28Z,317.619,933,-5678.300293,-10090.799805,1441.700073,97.200005,3.9,7.9,0,360.43,131.99,109.54,59.06,186.57,110.99,216.71,-1,249.88,35.32,122.47,-1,-1,105.76,-1,69.09
2026-03-22T16:25:28Z,317.877,934,-5678.300293,-10090.799805,1441.700073,97.200005,3.9,7.9,0,360.43,131.99,109.54,59.06,186.57,110.99,216.71,-1,249.88,35.32,122.47,-1,-1,105.76,-1,69.09
2026-03-22T16:25:28Z,318.111,935,-5679.399902,-10091.400391,1443,101.700005,-10.1,13.900001,0,410.94,394.83,208.02,253.03,419.68,230.46,323.5,-1,428.46,-1,-1,-1,572.33,192.73,564.87,209.49
2026-03-22T16:25:28Z,318.344,936,-5679.399902,-10091.400391,1443,101.700005,-10.1,13.900001,0,410.94,394.83,208.02,253.03,419.68,230.46,323.5,-1,428.46,-1,-1,-1,572.33,192.73,564.87,209.49
2026-03-22T16:25:29Z,318.594,937,-5679.399902,-10091.400391,1443,101.700005,-10.1,13.900001,0,410.94,394.83,208.02,253.03,419.68,230.46,323.5,-1,428.46,-1,-1,-1,572.33,192.73,564.87,209.49
2026-03-22T16:25:29Z,318.833,938,-5679.399902,-10091.400391,1443,101.700005,-10.1,13.900001,0,410.94,394.83,208.02,253.03,419.68,230.46,323.5,-1,428.46,-1,-1,-1,572.33,192.73,564.87,209.49
2026-03-22T16:25:29Z,319.064,939,-5680.899902,-10092.299805,1443.700073,140.300003,-43.200001,-34.5,0,137.86,97.67,39.13,-1,104.68,42.29,-1,288.99,-1,-1,-1,-1,159.65,43.61,298.22,-1
2026-03-22T16:25:29Z,319.307,940,-5680.899902,-10092.299805,1443.700073,140.300003,-43.200001,-34.5,0,137.86,97.67,39.13,-1,104.68,42.29,-1,288.99,-1,-1,-1,-1,159.65,43.61,298.22,-1
2026-03-22T16:25:30Z,319.544,941,-5680.899902,-10092.299805,1443.700073,140.300003,-43.200001,-34.5,0,137.86,97.67,39.13,-1,104.68,42.29,-1,288.99,-1,-1,-1,-1,159.65,43.61,298.22,-1
2026-03-22T16:25:30Z,319.792,942,-5680.899902,-10092.299805,1443.700073,140.300003,-43.200001,-34.5,0,137.86,97.67,39.13,-1,104.68,42.29,-1,288.99,-1,-1,-1,-1,159.65,43.61,298.22,-1
2026-03-22T16:25:30Z,320.033,943,-5682.100098,-10093,1444.5,195,-31.9,-90.400002,0,-1,153.21,21.58,-1,289.82,39.96,-1,56.36,-1,-1,-1,512.73,487.5,20.31,-1,-1
2026-03-22T16:25:30Z,320.271,944,-5682.100098,-10093,1444.5,195,-31.9,-90.400002,0,-1,153.21,21.58,-1,289.82,39.96,-1,56.36,-1,-1,-1,512.73,487.5,20.31,-1,-1
2026-03-22T16:25:30Z,320.528,945,-5682.100098,-10093,1444.5,195,-31.9,-90.400002,0,-1,153.21,21.58,-1,289.82,39.96,-1,56.36,-1,-1,-1,512.73,487.5,20.31,-1,-1
2026-03-22T16:25:31Z,320.775,946,-5682.100098,-10093,1444.5,195,-31.9,-90.400002,0,-1,153.21,21.58,-1,289.82,39.96,-1,56.36,-1,-1,-1,512.73,487.5,20.31,-1,-1
2026-03-22T16:25:31Z,321.023,947,-5682.899902,-10093.600586,1445,221.699997,5,-114.700005,0,-1,-1,-1,206.09,-1,-1,-1,34.8,-1,-1,673.79,67.65,-1,-1,-1,792.05
2026-03-22T16:25:31Z,321.277,948,-5682.899902,-10093.600586,1445,221.699997,5,-114.700005,0,-1,-1,-1,206.09,-1,-1,-1,34.8,-1,-1,673.79,67.65,-1,-1,-1,792.05
2026-03-22T16:25:31Z,321.526,949,-5682.899902,-10093.600586,1445,221.699997,5,-114.700005,0,-1,-1,-1,206.09,-1,-1,-1,34.8,-1,-1,673.79,67.65,-1,-1,-1,792.05
2026-03-22T16:25:32Z,321.771,950,-5682.899902,-10093.600586,1445,221.699997,5,-114.700005,0,-1,-1,-1,206.09,-1,-1,-1,34.8,-1,-1,673.79,67.65,-1,-1,-1,792.05
2026-03-22T16:25:32Z,322.021,951,-5683.300293,-10094.100586,1444.900024,233.5,36.100002,-123,0,-1,-1,-1,-1,-1,-1,-1,148.77,-1,325.78,121,-1,-1,-1,-1,-1
2026-03-22T16:25:32Z,322.269,952,-5683.300293,-10094.100586,1444.900024,233.5,36.100002,-123,0,-1,-1,-1,-1,-1,-1,-1,148.77,-1,325.78,121,-1,-1,-1,-1,-1
2026-03-22T16:25:32Z,322.518,953,-5683.300293,-10094.100586,1444.900024,233.5,36.100002,-123,0,-1,-1,-1,-1,-1,-1,-1,148.77,-1,325.78,121,-1,-1,-1,-1,-1
2026-03-22T16:25:33Z,322.768,954,-5683.300293,-10094.100586,1444.900024,233.5,36.100002,-123,0,-1,-1,-1,-1,-1,-1,-1,148.77,-1,325.78,121,-1,-1,-1,-1,-1
2026-03-22T16:25:33Z,323.022,955,-5684,-10095.600586,1444,165.800003,87,126.200005,0,-1,-1,-1,-1,-1,-1,-1,-1,20.61,-1,-1,-1,-1,-1,-1,-1
2026-03-22T16:25:33Z,323.274,956,-5684,-10095.600586,1444,165.800003,87,126.200005,0,-1,-1,-1,-1,-1,-1,-1,-1,20.61,-1,-1,-1,-1,-1,-1,-1
2026-03-22T16:25:34Z,323.531,957,-5684,-10095.600586,1444,165.800003,87,126.200005,0,-1,-1,-1,-1,-1,-1,-1,-1,20.61,-1,-1,-1,-1,-1,-1,-1
2026-03-22T16:25:34Z,323.783,958,-5684,-10095.600586,1444,165.800003,87,126.200005,0,-1,-1,-1,-1,-1,-1,-1,-1,20.61,-1,-1,-1,-1,-1,-1,-1
2026-03-22T16:25:34Z,324.034,959,-5685.100098,-10096.400391,1444.300049,219.699997,71.200005,-173.199997,0,-1,-1,-1,-1,-1,-1,-1,-1,-1,-1,-1,-1,-1,-1,-1,-1
2026-03-22T16:25:34Z,324.287,960,-5685.100098,-10096.400391,1444.300049,219.699997,71.200005,-173.199997,0,-1,-1,-1,-1,-1,-1,-1,-1,-1,-1,-1,-1,-1,-1,-1,-1
2026-03-22T16:25:35Z,324.556,961,-5685.100098,-10096.400391,1444.300049,219.699997,71.200005,-173.199997,0,-1,-1,-1,-1,-1,-1,-1,-1,-1,-1,-1,-1,-1,-1,-1,-1
2026-03-22T16:25:35Z,324.813,962,-5685.100098,-10096.400391,1444.300049,219.699997,71.200005,-173.199997,0,-1,-1,-1,-1,-1,-1,-1,-1,-1,-1,-1,-1,-1,-1,-1,-1
2026-03-22T16:25:35Z,325.071,963,-5686.100098,-10097.600586,1444.200073,219.300003,37.799999,-179.199997,0,-1,-1,-1,-1,-1,-1,-1,-1,-1,-1,-1,-1,-1,-1,-1,-1
2026-03-22T16:25:35Z,325.335,964,-5686.100098,-10097.600586,1444.200073,219.300003,37.799999,-179.199997,0,-1,-1,-1,-1,-1,-1,-1,-1,-1,-1,-1,-1,-1,-1,-1,-1
2026-03-22T16:25:36Z,325.591,965,-5686.100098,-10097.600586,1444.200073,219.300003,37.799999,-179.199997,0,-1,-1,-1,-1,-1,-1,-1,-1,-1,-1,-1,-1,-1,-1,-1,-1
2026-03-22T16:25:36Z,325.854,966,-5686.100098,-10097.600586,1444.200073,219.300003,37.799999,-179.199997,0,-1,-1,-1,-1,-1,-1,-1,-1,-1,-1,-1,-1,-1,-1,-1,-1
