iso_time_utc,elapsed_s,step_idx,rover_pos_x,rover_pos_y,rover_pos_z,heading,pitch,roll,lidar_00_front_left_wheel_hub_yaw_p30_yaw_30_pitch_0_cm_is_obstacle,lidar_01_front_left_frame_yaw_p20_pitch_n20_yaw_20_pitch_-20_cm_is_obstacle,lidar_02_front_center_frame_forward_yaw_0_pitch_0_cm_is_obstacle,lidar_03_front_right_frame_yaw_n20_pitch_n20_yaw_-20_pitch_-20_cm_is_obstacle,lidar_04_front_right_wheel_hub_yaw_n30_yaw_-30_pitch_0_cm_is_obstacle,lidar_05_front_left_frame_pitch_n25_yaw_0_pitch_-25_cm_is_obstacle,lidar_06_front_right_frame_pitch_n25_yaw_0_pitch_-25_cm_is_obstacle,lidar_07_left_mid_frame_left_pitch_n20_yaw_90_pitch_-20_cm_is_obstacle,lidar_08_right_mid_frame_right_pitch_n20_yaw_-90_pitch_-20_cm_is_obstacle,lidar_09_rear_left_wheel_hub_back_yaw_p40_yaw_140_pitch_0_cm_is_obstacle,lidar_10_rear_left_frame_backward_yaw_180_pitch_0_cm_is_obstacle,lidar_11_rear_right_frame_backward_yaw_180_pitch_0_cm_is_obstacle,lidar_12_rear_right_wheel_hub_back_yaw_n40_yaw_-140_pitch_0_cm_is_obstacle,lidar_13_front_left_frame_yaw_p20_pitch_n10_yaw_20_pitch_-10_cm_is_obstacle,lidar_14_front_right_frame_yaw_n20_pitch_n10_yaw_-20_pitch_-10_cm_is_obstacle,lidar_15_front_left_wheel_hub_yaw_p15_yaw_15_pitch_0_cm_is_obstacle,lidar_16_front_right_wheel_hub_yaw_n15_yaw_-15_pitch_0_cm_is_obstacle
2026-03-22T16:20:10Z,0.000,0,-5664,-10080.100586,1440.400024,179.900009,3,-1.5,0,0,0,0,0,0,0,0,0,0,0,0,0,0,0,0,0
2026-03-22T16:20:10Z,0.224,1,-5664,-10080.100586,1440.400024,179.900009,3,-1.5,0,0,0,0,0,0,0,0,0,0,0,0,0,0,0,0,0
2026-03-22T16:20:11Z,0.633,2,-5664,-10080.100586,1440.400024,179.900009,3,-1.5,0,0,0,0,0,0,0,0,0,0,0,0,0,0,0,0,0
2026-03-22T16:20:11Z,1.204,3,-5664,-10080.100586,1440.400024,179.900009,3.1,-1.5,0,0,0,0,0,0,0,0,0,0,0,0,0,0,0,0,0
2026-03-22T16:20:12Z,1.563,4,-5664,-10080.100586,1440.400024,179.900009,3.1,-1.5,0,0,0,0,0,0,0,0,0,0,0,0,0,0,0,0,0
2026-03-22T16:20:12Z,1.815,5,-5664,-10080.100586,1440.400024,179.900009,3.1,-1.5,0,0,0,0,0,0,0,0,0,0,0,0,0,0,0,0,0
2026-03-22T16:20:12Z,2.042,6,-5663.899902,-10080.100586,1440.400024,179.600006,3.3,-1.4,0,0,0,0,0,0,0,0,0,0,0,0,0,0,0,0,0
2026-03-22T16:20:12Z,2.269,7,-5663.899902,-10080.100586,1440.400024,179.600006,3.3,-1.4,0,0,0,0,0,0,0,0,0,0,0,0,0,0,0,0,0
2026-03-22T16:20:12Z,2.500,8,-5663.899902,-10080.100586,1440.400024,179.600006,3.3,-1.4,0,0,0,0,0,0,0,0,0,0,0,0,0,0,0,0,0
2026-03-22T16:20:13Z,2.756,9,-5663.899902,-10080.100586,1440.400024,179.600006,3.3,-1.4,0,0,0,0,0,0,0,0,0,0,0,0,0,0,0,0,0
2026-03-22T16:20:13Z,2.987,10,-5663.899902,-10080.100586,1440.400024,178.900009,3.2,-1.5,0,0,0,0,0,0,0,0,0,0,0,0,0,0,0,0,0
2026-03-22T16:20:13Z,3.224,11,-5663.899902,-10080.100586,1440.400024,178.900009,3.2,-1.5,0,0,0,0,0,0,0,0,0,0,0,0,0,0,0,0,0
2026-03-22T16:20:13Z,3.465,12,-5663.899902,-10080.100586,1440.400024,178.900009,3.2,-1.5,0,0,0,0,0,0,0,0,0,0,0,0,0,0,0,0,0
2026-03-22T16:20:14Z,3.694,13,-5663.899902,-10080.100586,1440.400024,178.900009,3.2,-1.5,0,0,0,0,0,0,0,0,0,0,0,0,0,0,0,0,0
2026-03-22T16:20:14Z,3.934,14,-5663.899902,-10080.200195,1440.400024,178.199997,3.1,-1.5,0,0,0,0,0,0,0,0,0,0,0,0,0,0,0,0,0
2026-03-22T16:20:14Z,4.156,15,-5663.899902,-10080.200195,1440.400024,178.199997,3.1,-1.5,0,0,0,0,0,0,0,0,0,0,0,0,0,0,0,0,0
2026-03-22T16:20:14Z,4.380,16,-5663.899902,-10080.200195,1440.400024,178.199997,3.1,-1.5,0,0,0,0,0,0,0,0,0,0,0,0,0,0,0,0,0
2026-03-22T16:20:15Z,4.613,17,-5663.899902,-10080.200195,1440.400024,178.199997,3.1,-1.5,0,0,0,0,0,0,0,0,0,0,0,0,0,0,0,0,0
2026-03-22T16:20:15Z,4.880,18,-5663.899902,-10080.200195,1440.400024,178.199997,3.1,-1.5,0,0,0,0,0,0,0,0,0,0,0,0,0,0,0,0,0
2026-03-22T16:20:15Z,5.104,19,-5663.899902,-10080.299805,1440.400024,177.199997,3,-1.5,0,0,0,0,0,0,0,0,0,0,0,0,0,0,0,0,0
2026-03-22T16:20:15Z,5.328,20,-5663.899902,-10080.299805,1440.400024,177.199997,3,-1.5,0,0,0,0,0,0,0,0,0,0,0,0,0,0,0,0,0
2026-03-22T16:20:16Z,5.556,21,-5663.899902,-10080.299805,1440.400024,177.199997,3,-1.5,0,0,0,0,0,0,0,0,0,0,0,0,0,0,0,0,0
2026-03-22T16:20:16Z,5.803,22,-5663.899902,-10080.299805,1440.400024,177.199997,3,-1.5,0,0,0,0,0,0,0,0,0,0,0,0,0,0,0,0,0
2026-03-22T16:20:16Z,6.061,23,-5663.899902,-10080.400391,1440.400024,176,3,-1.6,0,0,0,0,0,0,0,0,0,0,0,0,0,0,0,0,0
2026-03-22T16:20:16Z,6.330,24,-5663.899902,-10080.400391,1440.400024,176,3,-1.6,0,0,0,0,0,0,0,0,0,0,0,0,0,0,0,0,0
2026-03-22T16:20:17Z,6.558,25,-5663.899902,-10080.400391,1440.400024,176,3,-1.6,0,0,0,0,0,0,0,0,0,0,0,0,0,0,0,0,0
2026-03-22T16:20:17Z,6.786,26,-5663.899902,-10080.400391,1440.400024,176,3,-1.6,0,0,0,0,0,0,0,0,0,0,0,0,0,0,0,0,0
2026-03-22T16:20:17Z,7.019,27,-5663.800293,-10080.5,1440.400024,174.100006,2.8,-1.6,0,0,0,0,0,0,0,0,0,0,0,0,0,0,0,0,0
2026-03-22T16:20:17Z,7.250,28,-5663.800293,-10080.5,1440.400024,174.100006,2.8,-1.6,0,0,0,0,0,0,0,0,0,0,0,0,0,0,0,0,0
2026-03-22T16:20:17Z,7.481,29,-5663.800293,-10080.5,1440.400024,174.100006,2.8,-1.6,0,0,0,0,0,0,0,0,0,0,0,0,0,0,0,0,0
2026-03-22T16:20:18Z,7.709,30,-5663.800293,-10080.5,1440.400024,174.100006,2.8,-1.6,0,0,0,0,0,0,0,0,0,0,0,0,0,0,0,0,0
2026-03-22T16:20:18Z,7.934,31,-5663.800293,-10080.5,1440.400024,174.100006,2.8,-1.6,0,0,0,0,0,0,0,0,0,0,0,0,0,0,0,0,0
2026-03-22T16:20:18Z,8.169,32,-5663.700195,-10080.700195,1440.400024,171.600006,2.7,-1.7,0,0,0,0,0,0,0,0,0,0,0,0,0,0,0,0,0
2026-03-22T16:20:18Z,8.421,33,-5663.700195,-10080.700195,1440.400024,171.600006,2.7,-1.7,0,0,0,0,0,0,0,0,0,0,0,0,0,0,0,0,0
2026-03-22T16:20:19Z,8.664,34,-5663.700195,-10080.700195,1440.400024,171.600006,2.7,-1.7,0,0,0,0,0,0,0,0,0,0,0,0,0,0,0,0,0
2026-03-22T16:20:19Z,8.920,35,-5663.600098,-10080.900391,1440.5,168.900009,2.5,-1.7,0,0,0,0,0,0,0,0,0,0,0,0,0,0,0,0,0
2026-03-22T16:20:19Z,9.174,36,-5663.600098,-10080.900391,1440.5,168.900009,2.5,-1.7,0,0,0,0,0,0,0,0,0,0,0,0,0,0,0,0,0
2026-03-22T16:20:19Z,9.411,37,-5663.600098,-10080.900391,1440.5,168.900009,2.5,-1.7,0,0,0,0,0,0,0,0,0,0,0,0,0,0,0,0,0
2026-03-22T16:20:20Z,9.669,38,-5663.600098,-10080.900391,1440.5,168.900009,2.5,-1.7,0,0,0,0,0,0,0,0,0,0,0,0,0,0,0,0,0
2026-03-22T16:20:20Z,9.914,39,-5663.5,-10081.100586,1440.5,165.600006,2.3,-1.8,0,0,0,0,0,0,0,0,0,0,0,0,0,0,0,0,0
2026-03-22T16:20:20Z,10.162,40,-5663.5,-10081.100586,1440.5,165.600006,2.3,-1.8,0,0,0,0,0,0,0,0,0,0,0,0,0,0,0,0,0
2026-03-22T16:20:20Z,10.402,41,-5663.5,-10081.100586,1440.5,165.600006,2.3,-1.8,0,0,0,0,0,0,0,0,0,0,0,0,0,0,0,0,0
2026-03-22T16:20:21Z,10.650,42,-5663.5,-10081.100586,1440.5,165.600006,2.3,-1.8,0,0,0,0,0,0,0,0,0,0,0,0,0,0,0,0,0
2026-03-22T16:20:21Z,10.891,43,-5663.5,-10081.100586,1440.5,165.600006,2.3,-1.8,0,0,0,0,0,0,0,0,0,0,0,0,0,0,0,0,0
2026-03-22T16:20:21Z,11.163,44,-5663.300293,-10081.400391,1440.5,162,2.1,-1.9,0,0,0,0,0,0,0,0,0,0,0,0,0,0,0,0,0
2026-03-22T16:20:21Z,11.414,45,-5663.300293,-10081.400391,1440.5,162,2.1,-1.9,0,0,0,0,0,0,0,0,0,0,0,0,0,0,0,0,0
2026-03-22T16:20:22Z,11.659,46,-5663.300293,-10081.400391,1440.5,162,2.1,-1.9,0,0,0,0,0,0,0,0,0,0,0,0,0,0,0,0,0
2026-03-22T16:20:22Z,11.905,47,-5663.300293,-10081.400391,1440.5,162,2.1,-1.9,0,0,0,0,0,0,0,0,0,0,0,0,0,0,0,0,0
2026-03-22T16:20:22Z,12.161,48,-5663.100098,-10081.600586,1440.5,157.900009,1.9,-2,0,0,0,0,0,0,0,0,0,0,0,0,0,0,0,0,0
2026-03-22T16:20:22Z,12.418,49,-5663.100098,-10081.600586,1440.5,157.900009,1.9,-2,0,0,0,0,0,0,0,0,0,0,0,0,0,0,0,0,0
2026-03-22T16:20:23Z,12.663,50,-5663.100098,-10081.600586,1440.5,157.900009,1.9,-2,0,0,0,0,0,0,0,0,0,0,0,0,0,0,0,0,0
2026-03-22T16:20:23Z,12.900,51,-5663.100098,-10081.600586,1440.5,157.900009,1.9,-2,0,0,0,0,0,0,0,0,0,0,0,0,0,0,0,0,0
2026-03-22T16:20:23Z,13.146,52,-5662.899902,-10081.900391,1440.5,153.5,1.7,-2.1,0,0,0,0,0,0,0,0,0,0,0,0,0,0,0,0,0
2026-03-22T16:20:23Z,13.407,53,-5662.899902,-10081.900391,1440.5,153.5,1.7,-2.1,0,0,0,0,0,0,0,0,0,0,0,0,0,0,0,0,0
2026-03-22T16:20:24Z,13.709,54,-5662.899902,-10081.900391,1440.5,153.5,1.7,-2.1,0,0,0,0,0,0,0,0,0,0,0,0,0,0,0,0,0
2026-03-22T16:20:24Z,13.981,55,-5662.600098,-10082.200195,1440.5,148.900009,1.4,-2.2,0,0,0,0,0,0,0,0,0,0,0,0,0,0,0,0,0
2026-03-22T16:20:24Z,14.262,56,-5662.600098,-10082.200195,1440.5,148.900009,1.4,-2.2,0,0,0,0,0,0,0,0,0,0,0,0,0,0,0,0,0
2026-03-22T16:20:25Z,14.535,57,-5662.600098,-10082.200195,1440.5,148.900009,1.4,-2.2,0,0,0,0,0,0,0,0,0,0,0,0,0,0,0,0,0
2026-03-22T16:20:25Z,14.812,58,-5662.600098,-10082.200195,1440.5,148.900009,1.4,-2.2,0,0,0,0,0,0,0,0,0,0,0,0,0,0,0,0,0
2026-03-22T16:20:25Z,15.108,59,-5662.200195,-10082.5,1440.5,143.300003,1.1,-2.2,0,0,0,0,0,0,0,0,0,0,0,0,0,0,0,0,0
2026-03-22T16:20:25Z,15.394,60,-5662.200195,-10082.5,1440.5,143.300003,1.1,-2.2,0,0,0,0,0,0,0,0,0,0,0,0,0,0,0,0,0
2026-03-22T16:20:26Z,15.668,61,-5662.200195,-10082.5,1440.5,143.300003,1.1,-2.2,0,0,0,0,0,0,0,0,0,0,0,0,0,0,0,0,0
2026-03-22T16:20:26Z,15.935,62,-5661.800293,-10082.700195,1440.5,137.5,0.8,-2.1,0,0,0,0,0,0,0,0,0,0,0,0,0,0,0,0,0
2026-03-22T16:20:26Z,16.232,63,-5661.800293,-10082.700195,1440.5,137.5,0.8,-2.1,0,0,0,0,0,0,0,0,0,0,0,0,0,0,0,0,0
2026-03-22T16:20:27Z,16.536,64,-5661.800293,-10082.700195,1440.5,137.5,0.8,-2.1,0,0,0,0,0,0,0,0,0,0,0,0,0,0,0,0,0
2026-03-22T16:20:27Z,16.871,65,-5661.800293,-10082.700195,1440.5,137.5,0.8,-2.1,0,0,0,0,0,0,0,0,0,0,0,0,0,0,0,0,0
2026-03-22T16:20:27Z,17.179,66,-5661.300293,-10083,1440.5,130.400009,0.2,-2,0,0,0,0,0,0,0,0,0,0,0,0,0,0,0,0,0
2026-03-22T16:20:28Z,17.559,67,-5661.300293,-10083,1440.5,130.400009,0.2,-2,0,0,0,0,0,0,0,0,0,0,0,0,0,0,0,0,0
2026-03-22T16:20:28Z,17.884,68,-5660.800293,-10083.200195,1440.5,124.599998,-0.2,-1.9,0,0,0,0,0,0,0,0,0,0,0,0,0,0,0,0,0
2026-03-22T16:20:28Z,18.197,69,-5660.800293,-10083.200195,1440.5,124.599998,-0.2,-1.9,0,0,0,0,0,0,0,0,0,0,0,0,0,0,0,0,0
2026-03-22T16:20:29Z,18.553,70,-5660.800293,-10083.200195,1440.5,124.599998,-0.2,-1.9,0,0,0,0,0,0,0,0,0,0,0,0,0,0,0,0,0
2026-03-22T16:20:29Z,18.901,71,-5660.200195,-10083.400391,1440.400024,117.300003,-0.6,-1.6,0,0,0,0,0,0,0,0,0,0,0,0,0,0,0,0,0
2026-03-22T16:20:29Z,19.218,72,-5660.200195,-10083.400391,1440.400024,117.300003,-0.6,-1.6,0,0,0,0,0,0,0,0,0,0,0,0,0,0,0,0,0
2026-03-22T16:20:30Z,19.585,73,-5660.200195,-10083.400391,1440.400024,117.300003,-0.6,-1.6,0,0,0,0,0,0,0,0,0,0,0,0,0,0,0,0,0
2026-03-22T16:20:30Z,19.918,74,-5659.5,-10083.5,1440.400024,109.200005,-0.8,-1,0,0,0,0,0,0,0,0,0,0,0,0,0,0,0,0,0
2026-03-22T16:20:30Z,20.324,75,-5659.5,-10083.5,1440.400024,109.200005,-0.8,-1,0,0,0,0,0,0,0,0,0,0,0,0,0,0,0,0,0
2026-03-22T16:20:31Z,20.671,76,-5659.5,-10083.5,1440.400024,109.200005,-0.8,-1,0,0,0,0,0,0,0,0,0,0,0,0,0,0,0,0,0
2026-03-22T16:20:31Z,21.025,77,-5658.700195,-10083.5,1440.400024,100.5,-0.7,-0.6,0,0,0,0,0,0,0,0,0,0,0,0,0,0,0,0,0
2026-03-22T16:20:32Z,21.456,78,-5658.700195,-10083.5,1440.400024,100.5,-0.7,-0.6,0,0,0,0,0,0,0,0,0,0,0,0,0,0,0,0,0
2026-03-22T16:20:32Z,21.849,79,-5658.700195,-10083.5,1440.400024,100.5,-0.7,-0.6,0,0,0,0,0,0,0,0,0,0,0,0,0,0,0,0,0
2026-03-22T16:20:32Z,22.203,80,-5657.800293,-10083.299805,1440.400024,90.300003,-0.6,-0.2,0,0,0,0,0,0,0,0,0,0,0,0,0,0,0,0,0
2026-03-22T16:20:33Z,22.573,81,-5657.800293,-10083.299805,1440.400024,90.300003,-0.6,-0.2,0,0,0,0,0,0,0,0,0,0,0,0,0,0,0,0,0
2026-03-22T16:20:33Z,23.073,82,-5656.800293,-10083,1440.300049,79,-0.7,0.2,0,0,1,0,0,0,0,0,0,0,0,0,0,0,0,0,0
2026-03-22T16:20:34Z,23.438,83,-5656.800293,-10083,1440.300049,79,-0.7,0.2,0,0,1,0,0,0,0,0,0,0,0,0,0,0,0,0,0
2026-03-22T16:20:34Z,23.825,84,-5656.800293,-10083,1440.300049,79,-0.7,0.2,0,0,1,0,0,0,0,0,0,0,0,0,0,0,0,0,0
2026-03-22T16:20:34Z,24.183,85,-5655.899902,-10082.400391,1440.300049,67,-1.2,0.7,0,0,0,1,0,0,1,0,0,0,0,0,0,0,1,0,0
2026-03-22T16:20:35Z,24.561,86,-5655.899902,-10082.400391,1440.300049,67,-1.2,0.7,0,0,0,1,0,0,1,0,0,0,0,0,0,0,1,0,0
2026-03-22T16:20:35Z,24.912,87,-5655.899902,-10082.400391,1440.300049,67,-1.2,0.7,0,0,0,1,0,0,1,0,0,0,0,0,0,0,1,0,0
2026-03-22T16:20:35Z,25.278,88,-5655,-10081.600586,1440.300049,53.200001,-1.3,0.8,0,0,0,1,0,0,0,0,0,0,0,0,0,0,0,0,0
2026-03-22T16:20:36Z,25.674,89,-5655,-10081.600586,1440.300049,53.200001,-1.3,0.8,0,0,0,1,0,0,0,0,0,0,0,0,0,0,0,0,0
2026-03-22T16:20:36Z,26.058,90,-5654.200195,-10080.600586,1440.200073,44.100002,0,-0.6,0,0,0,0,0,0,0,0,0,0,0,0,0,0,0,0,0
2026-03-22T16:20:37Z,26.393,91,-5654.200195,-10080.600586,1440.200073,44.100002,0,-0.6,0,0,0,0,0,0,0,0,0,0,0,0,0,0,0,0,0
2026-03-22T16:20:37Z,26.786,92,-5654.200195,-10080.600586,1440.200073,44.100002,0,-0.6,0,0,0,0,0,0,0,0,0,0,0,0,0,0,0,0,0
2026-03-22T16:20:37Z,27.164,93,-5653.200195,-10079.400391,1440.200073,41.200001,-0.2,-0.6,0,0,0,1,0,0,0,0,0,0,0,0,0,0,0,0,0
2026-03-22T16:20:38Z,27.512,94,-5653.200195,-10079.400391,1440.200073,41.200001,-0.2,-0.6,0,0,0,1,0,0,0,0,0,0,0,0,0,0,0,0,0
2026-03-22T16:20:38Z,27.865,95,-5653.200195,-10079.400391,1440.200073,41.200001,-0.2,-0.6,0,0,0,1,0,0,0,0,0,0,0,0,0,0,0,0,0
2026-03-22T16:20:38Z,28.204,96,-5652.399902,-10078.400391,1440.200073,41,-0.7,-0.7,0,0,0,0,0,0,0,0,1,0,0,0,0,0,0,0,0
2026-03-22T16:20:39Z,28.572,97,-5652.399902,-10078.400391,1440.200073,41,-0.7,-0.7,0,0,0,0,0,0,0,0,1,0,0,0,0,0,0,0,0
2026-03-22T16:20:39Z,28.936,98,-5652.399902,-10078.400391,1440.200073,41,-0.7,-0.7,0,0,0,0,0,0,0,0,1,0,0,0,0,0,0,0,0
2026-03-22T16:20:39Z,29.260,99,-5651.5,-10077.400391,1440.099976,41,-0.4,-1,0,0,0,0,0,0,0,0,1,0,0,0,0,0,0,0,0
2026-03-22T16:20:40Z,29.584,100,-5651.5,-10077.400391,1440.099976,41,-0.4,-1,0,0,0,0,0,0,0,0,1,0,0,0,0,0,0,0,0
2026-03-22T16:20:40Z,29.925,101,-5651.5,-10077.400391,1440.099976,41,-0.4,-1,0,0,0,0,0,0,0,0,1,0,0,0,0,0,0,0,0
2026-03-22T16:20:40Z,30.258,102,-5650.5,-10076.299805,1440.099976,41.200001,-0.8,-1.2,0,0,0,0,0,0,0,0,1,0,0,0,0,0,0,0,0
2026-03-22T16:20:41Z,30.618,103,-5650.5,-10076.299805,1440.099976,41.200001,-0.8,-1.2,0,0,0,0,0,0,0,0,1,0,0,0,0,0,0,0,0
2026-03-22T16:20:41Z,30.971,104,-5650.5,-10076.299805,1440.099976,41.200001,-0.8,-1.2,0,0,0,0,0,0,0,0,1,0,0,0,0,0,0,0,0
2026-03-22T16:20:41Z,31.289,105,-5649.899902,-10075.400391,1440.099976,42.100002,0.3,-3.1,0,0,0,0,0,0,0,0,1,0,0,0,0,0,0,0,0
2026-03-22T16:20:42Z,31.639,106,-5649.899902,-10075.400391,1440.099976,42.100002,0.3,-3.1,0,0,0,0,0,0,0,0,1,0,0,0,0,0,0,0,0
2026-03-22T16:20:42Z,32.004,107,-5650,-10074.700195,1440.099976,34.600002,0.4,-3.6,0,0,0,0,0,0,0,0,0,0,0,0,1,0,0,0,0
2026-03-22T16:20:42Z,32.317,108,-5650,-10074.700195,1440.099976,34.600002,0.4,-3.6,0,0,0,0,0,0,0,0,0,0,0,0,1,0,0,0,0
2026-03-22T16:20:43Z,32.655,109,-5650,-10074.700195,1440.099976,34.600002,0.4,-3.6,0,0,0,0,0,0,0,0,0,0,0,0,1,0,0,0,0
2026-03-22T16:20:43Z,32.985,110,-5649.899902,-10074,1439.900024,29.1,-2.6,-2.5,0,0,0,0,0,0,0,0,1,0,0,0,1,0,0,0,0
2026-03-22T16:20:43Z,33.299,111,-5649.899902,-10074,1439.900024,29.1,-2.6,-2.5,0,0,0,0,0,0,0,0,1,0,0,0,1,0,0,0,0
2026-03-22T16:20:44Z,33.633,112,-5649.899902,-10074,1439.900024,29.1,-2.6,-2.5,0,0,0,0,0,0,0,0,1,0,0,0,1,0,0,0,0
2026-03-22T16:20:44Z,33.948,113,-5649.899902,-10074,1439.900024,29.1,-2.6,-2.5,0,0,0,0,0,0,0,0,1,0,0,0,1,0,0,0,0
2026-03-22T16:20:44Z,34.257,114,-5649.399902,-10073.299805,1439.900024,30.9,-0.3,-1.2,0,0,0,0,0,0,0,0,1,0,0,0,1,0,0,0,0
2026-03-22T16:20:45Z,34.577,115,-5649.399902,-10073.299805,1439.900024,30.9,-0.3,-1.2,0,0,0,0,0,0,0,0,1,0,0,0,1,0,0,0,0
2026-03-22T16:20:45Z,34.869,116,-5649.399902,-10073.299805,1439.900024,30.9,-0.3,-1.2,0,0,0,0,0,0,0,0,1,0,0,0,1,0,0,0,0
2026-03-22T16:20:45Z,35.166,117,-5648.899902,-10072.600586,1440,33.100002,-2.8,-1.4,0,0,0,0,1,0,0,0,0,0,0,0,0,0,0,0,1
2026-03-22T16:20:45Z,35.446,118,-5648.899902,-10072.600586,1440,33.100002,-2.8,-1.4,0,0,0,0,1,0,0,0,0,0,0,0,0,0,0,0,1
2026-03-22T16:20:46Z,35.774,119,-5648.899902,-10072.600586,1440,33.100002,-2.8,-1.4,0,0,0,0,1,0,0,0,0,0,0,0,0,0,0,0,1
2026-03-22T16:20:46Z,36.110,120,-5648.200195,-10071.700195,1439.900024,35.400002,-1,-1.1,0,0,0,0,0,0,0,0,0,0,0,0,1,0,0,0,0
2026-03-22T16:20:46Z,36.429,121,-5648.200195,-10071.700195,1439.900024,35.400002,-1,-1.1,0,0,0,0,0,0,0,0,0,0,0,0,1,0,0,0,0
2026-03-22T16:20:47Z,36.766,122,-5648.200195,-10071.700195,1439.900024,35.400002,-1,-1.1,0,0,0,0,0,0,0,0,0,0,0,0,1,0,0,0,0
2026-03-22T16:20:47Z,37.054,123,-5647.5,-10070.700195,1439.800049,36.700001,-0.8,-0.9,0,0,0,0,0,0,0,1,0,0,0,0,1,0,0,0,0
2026-03-22T16:20:47Z,37.360,124,-5647.5,-10070.700195,1439.800049,36.700001,-0.8,-0.9,0,0,0,0,0,0,0,1,0,0,0,0,1,0,0,0,0
2026-03-22T16:20:48Z,37.649,125,-5647.5,-10070.700195,1439.800049,36.700001,-0.8,-0.9,0,0,0,0,0,0,0,1,0,0,0,0,1,0,0,0,0
2026-03-22T16:20:48Z,37.937,126,-5646.600098,-10069.600586,1439.700073,38.400002,-1.1,-0.9,0,0,0,0,0,0,0,1,0,0,0,0,1,0,0,0,0
2026-03-22T16:20:48Z,38.215,127,-5646.600098,-10069.600586,1439.700073,38.400002,-1.1,-0.9,0,0,0,0,0,0,0,1,0,0,0,0,1,0,0,0,0
2026-03-22T16:20:48Z,38.490,128,-5646.600098,-10069.600586,1439.700073,38.400002,-1.1,-0.9,0,0,0,0,0,0,0,1,0,0,0,0,1,0,0,0,0
2026-03-22T16:20:49Z,38.772,129,-5646.600098,-10069.600586,1439.700073,38.400002,-1.1,-0.9,0,0,0,0,0,0,0,1,0,0,0,0,1,0,0,0,0
2026-03-22T16:20:49Z,39.067,130,-5645.600098,-10068.400391,1439.700073,39.900002,-1.6,-0.7,0,0,0,0,0,0,0,0,0,0,0,0,0,0,0,0,0
2026-03-22T16:20:49Z,39.343,131,-5645.600098,-10068.400391,1439.700073,39.900002,-1.6,-0.7,0,0,0,0,0,0,0,0,0,0,0,0,0,0,0,0,0
2026-03-22T16:20:50Z,39.616,132,-5645.600098,-10068.400391,1439.700073,39.900002,-1.6,-0.7,0,0,0,0,0,0,0,0,0,0,0,0,0,0,0,0,0
2026-03-22T16:20:50Z,39.919,133,-5645.600098,-10068.400391,1439.700073,39.900002,-1.6,-0.7,0,0,0,0,0,0,0,0,0,0,0,0,0,0,0,0,0
2026-03-22T16:20:50Z,40.223,134,-5644.600098,-10067.299805,1439.599976,40.100002,-1.4,-0.6,0,0,0,0,0,0,0,0,0,0,0,0,0,0,0,0,0
2026-03-22T16:20:50Z,40.496,135,-5644.600098,-10067.299805,1439.599976,40.100002,-1.4,-0.6,0,0,0,0,0,0,0,0,0,0,0,0,0,0,0,0,0
2026-03-22T16:20:51Z,40.773,136,-5644.600098,-10067.299805,1439.599976,40.100002,-1.4,-0.6,0,0,0,0,0,0,0,0,0,0,0,0,0,0,0,0,0
2026-03-22T16:20:51Z,41.044,137,-5643.700195,-10066.200195,1439.599976,40.200001,-0.7,-0.6,0,0,0,0,0,0,0,0,0,0,0,0,0,0,0,0,0
2026-03-22T16:20:51Z,41.325,138,-5643.700195,-10066.200195,1439.599976,40.200001,-0.7,-0.6,0,0,0,0,0,0,0,0,0,0,0,0,0,0,0,0,0
2026-03-22T16:20:52Z,41.615,139,-5643.700195,-10066.200195,1439.599976,40.200001,-0.7,-0.6,0,0,0,0,0,0,0,0,0,0,0,0,0,0,0,0,0
2026-03-22T16:20:52Z,41.962,140,-5643.700195,-10066.200195,1439.599976,40.200001,-0.7,-0.6,0,0,0,0,0,0,0,0,0,0,0,0,0,0,0,0,0
2026-03-22T16:20:52Z,42.266,141,-5643,-10065.299805,1439.599976,40.400002,-0.8,-0.5,0,0,0,0,0,0,0,0,0,0,0,0,0,0,0,0,0
2026-03-22T16:20:53Z,42.661,142,-5643,-10065.299805,1439.599976,40.400002,-0.8,-0.5,0,0,0,0,0,0,0,0,0,0,0,0,0,0,0,0,0
2026-03-22T16:20:53Z,42.985,143,-5643,-10065.299805,1439.599976,40.400002,-0.8,-0.5,0,0,0,0,0,0,0,0,0,0,0,0,0,0,0,0,0
2026-03-22T16:20:53Z,43.290,144,-5642.200195,-10064.400391,1439.5,40.799999,-0.5,-0.5,0,0,0,0,0,0,0,0,0,0,0,0,0,0,0,0,0
2026-03-22T16:20:54Z,43.564,145,-5642.200195,-10064.400391,1439.5,40.799999,-0.5,-0.5,0,0,0,0,0,0,0,0,0,0,0,0,0,0,0,0,0
2026-03-22T16:20:54Z,43.868,146,-5642.200195,-10064.400391,1439.5,40.799999,-0.5,-0.5,0,0,0,0,0,0,0,0,0,0,0,0,0,0,0,0,0
2026-03-22T16:20:54Z,44.161,147,-5641.399902,-10063.600586,1439.5,41.299999,-0.2,-0.4,0,0,0,0,0,0,0,0,0,0,0,0,0,0,0,0,0
2026-03-22T16:20:55Z,44.427,148,-5641.399902,-10063.600586,1439.5,41.299999,-0.2,-0.4,0,0,0,0,0,0,0,0,0,0,0,0,0,0,0,0,0
2026-03-22T16:20:55Z,44.787,149,-5641.399902,-10063.600586,1439.5,41.299999,-0.2,-0.4,0,0,0,0,0,0,0,0,0,0,0,0,0,0,0,0,0
2026-03-22T16:20:55Z,45.069,150,-5640.800293,-10062.799805,1439.5,41.400002,-0.2,-0.2,0,0,0,0,0,0,0,0,0,0,0,0,0,0,0,0,0
2026-03-22T16:20:56Z,45.534,151,-5640.800293,-10062.799805,1439.5,41.400002,-0.2,-0.2,0,0,0,0,0,0,0,0,0,0,0,0,0,0,0,0,0
2026-03-22T16:20:56Z,45.799,152,-5640.800293,-10062.799805,1439.5,41.400002,-0.2,-0.2,0,0,0,0,0,0,0,0,0,0,0,0,0,0,0,0,0
2026-03-22T16:20:56Z,46.058,153,-5640.100098,-10062,1439.5,41.5,-0.2,-0.3,0,0,0,0,0,0,0,0,0,0,0,0,0,0,0,0,0
2026-03-22T16:20:56Z,46.315,154,-5640.100098,-10062,1439.5,41.5,-0.2,-0.3,0,0,0,0,0,0,0,0,0,0,0,0,0,0,0,0,0
2026-03-22T16:20:57Z,46.594,155,-5640.100098,-10062,1439.5,41.5,-0.2,-0.3,0,0,0,0,0,0,0,0,0,0,0,0,0,0,0,0,0
2026-03-22T16:20:57Z,46.870,156,-5640.100098,-10062,1439.5,41.5,-0.2,-0.3,0,0,0,0,0,0,0,0,0,0,0,0,0,0,0,0,0
2026-03-22T16:20:57Z,47.164,157,-5639.300293,-10061.100586,1439.400024,41.700001,0.2,-0.3,0,0,0,0,0,0,0,0,0,0,0,0,0,0,0,0,0
2026-03-22T16:20:57Z,47.436,158,-5639.300293,-10061.100586,1439.400024,41.700001,0.2,-0.3,0,0,0,0,0,0,0,0,0,0,0,0,0,0,0,0,0
2026-03-22T16:20:58Z,47.710,159,-5639.300293,-10061.100586,1439.400024,41.700001,0.2,-0.3,0,0,0,0,0,0,0,0,0,0,0,0,0,0,0,0,0
2026-03-22T16:20:58Z,47.965,160,-5638.5,-10060.200195,1439.400024,41.700001,0.4,-0.2,0,0,0,0,0,0,0,0,0,0,0,0,0,0,0,0,0
2026-03-22T16:20:58Z,48.247,161,-5638.5,-10060.200195,1439.400024,41.700001,0.4,-0.2,0,0,0,0,0,0,0,0,0,0,0,0,0,0,0,0,0
2026-03-22T16:20:59Z,48.618,162,-5638.5,-10060.200195,1439.400024,41.700001,0.4,-0.2,0,0,0,0,0,0,0,0,0,0,0,0,0,0,0,0,0
2026-03-22T16:20:59Z,48.888,163,-5638.5,-10060.200195,1439.400024,41.700001,0.4,-0.2,0,0,0,0,0,0,0,0,0,0,0,0,0,0,0,0,0
2026-03-22T16:20:59Z,49.164,164,-5637.600098,-10059.299805,1439.400024,42.100002,0.6,-0.3,0,0,0,0,0,0,0,0,0,0,0,0,0,0,0,0,0
2026-03-22T16:20:59Z,49.410,165,-5637.600098,-10059.299805,1439.400024,42.100002,0.6,-0.3,0,0,0,0,0,0,0,0,0,0,0,0,0,0,0,0,0
2026-03-22T16:21:00Z,49.672,166,-5637.600098,-10059.299805,1439.400024,42.100002,0.6,-0.3,0,0,0,0,0,0,0,0,0,0,0,0,0,0,0,0,0
2026-03-22T16:21:00Z,49.915,167,-5637.600098,-10059.299805,1439.400024,42.100002,0.6,-0.3,0,0,0,0,0,0,0,0,0,0,0,0,0,0,0,0,0
2026-03-22T16:21:00Z,50.155,168,-5636.800293,-10058.400391,1439.400024,42.600002,0.8,-0.2,0,0,0,0,0,0,0,0,0,0,0,0,0,0,0,0,0
2026-03-22T16:21:00Z,50.406,169,-5636.800293,-10058.400391,1439.400024,42.600002,0.8,-0.2,0,0,0,0,0,0,0,0,0,0,0,0,0,0,0,0,0
2026-03-22T16:21:01Z,50.664,170,-5636.800293,-10058.400391,1439.400024,42.600002,0.8,-0.2,0,0,0,0,0,0,0,0,0,0,0,0,0,0,0,0,0
2026-03-22T16:21:01Z,50.924,171,-5636.800293,-10058.400391,1439.400024,42.600002,0.8,-0.2,0,0,0,0,0,0,0,0,0,0,0,0,0,0,0,0,0
2026-03-22T16:21:01Z,51.185,172,-5636,-10057.5,1439.400024,42.799999,0.8,-0.1,0,0,0,0,0,0,0,0,0,0,0,0,0,0,0,0,0
2026-03-22T16:21:01Z,51.424,173,-5636,-10057.5,1439.400024,42.799999,0.8,-0.1,0,0,0,0,0,0,0,0,0,0,0,0,0,0,0,0,0
2026-03-22T16:21:02Z,51.685,174,-5636,-10057.5,1439.400024,42.799999,0.8,-0.1,0,0,0,0,0,0,0,0,0,0,0,0,0,0,0,0,0
2026-03-22T16:21:02Z,51.956,175,-5635.300293,-10056.799805,1439.400024,42.799999,0.8,-0.1,0,0,0,0,0,0,0,0,0,0,0,0,0,0,0,0,0
2026-03-22T16:21:02Z,52.227,176,-5635.300293,-10056.799805,1439.400024,42.799999,0.8,-0.1,0,0,0,0,0,0,0,0,0,0,0,0,0,0,0,0,0
2026-03-22T16:21:02Z,52.464,177,-5635.300293,-10056.799805,1439.400024,42.799999,0.8,-0.1,0,0,0,0,0,0,0,0,0,0,0,0,0,0,0,0,0
2026-03-22T16:21:03Z,52.740,178,-5635.300293,-10056.799805,1439.400024,42.799999,0.8,-0.1,0,0,0,0,0,0,0,0,0,0,0,0,0,0,0,0,0
2026-03-22T16:21:03Z,53.002,179,-5634.5,-10055.900391,1439.400024,42.900002,1,-0.1,0,0,0,0,0,0,0,0,0,0,0,0,0,0,0,0,0
2026-03-22T16:21:03Z,53.259,180,-5634.5,-10055.900391,1439.400024,42.900002,1,-0.1,0,0,0,0,0,0,0,0,0,0,0,0,0,0,0,0,0
2026-03-22T16:21:03Z,53.496,181,-5634.5,-10055.900391,1439.400024,42.900002,1,-0.1,0,0,0,0,0,0,0,0,0,0,0,0,0,0,0,0,0
2026-03-22T16:21:04Z,53.744,182,-5634.5,-10055.900391,1439.400024,42.900002,1,-0.1,0,0,0,0,0,0,0,0,0,0,0,0,0,0,0,0,0
2026-03-22T16:21:04Z,54.011,183,-5633.600098,-10055,1439.400024,43,1.2,0.1,0,0,0,0,0,0,0,0,0,0,0,0,0,0,0,0,0
2026-03-22T16:21:04Z,54.265,184,-5633.600098,-10055,1439.400024,43,1.2,0.1,0,0,0,0,0,0,0,0,0,0,0,0,0,0,0,0,0
2026-03-22T16:21:04Z,54.508,185,-5633.600098,-10055,1439.400024,43,1.2,0.1,0,0,0,0,0,0,0,0,0,0,0,0,0,0,0,0,0
2026-03-22T16:21:05Z,54.746,186,-5633.600098,-10055,1439.400024,43,1.2,0.1,0,0,0,0,0,0,0,0,0,0,0,0,0,0,0,0,0
2026-03-22T16:21:05Z,55.010,187,-5632.800293,-10054.100586,1439.400024,43.200001,-0.2,-1.2,0,0,0,0,0,0,0,0,0,0,0,0,0,0,0,0,0
2026-03-22T16:21:05Z,55.243,188,-5632.800293,-10054.100586,1439.400024,43.200001,-0.2,-1.2,0,0,0,0,0,0,0,0,0,0,0,0,0,0,0,0,0
2026-03-22T16:21:05Z,55.478,189,-5632.800293,-10054.100586,1439.400024,43.200001,-0.2,-1.2,0,0,0,0,0,0,0,0,0,0,0,0,0,0,0,0,0
2026-03-22T16:21:06Z,55.719,190,-5632.800293,-10054.100586,1439.400024,43.200001,-0.2,-1.2,0,0,0,0,0,0,0,0,0,0,0,0,0,0,0,0,0
2026-03-22T16:21:06Z,56.008,191,-5631.899902,-10053.100586,1439.300049,43.200001,-4.7,-1.9,0,0,0,0,0,0,0,0,0,0,0,0,0,0,0,0,0
2026-03-22T16:21:06Z,56.281,192,-5631.899902,-10053.100586,1439.300049,43.200001,-4.7,-1.9,0,0,0,0,0,0,0,0,0,0,0,0,0,0,0,0,0
2026-03-22T16:21:07Z,56.561,193,-5631.899902,-10053.100586,1439.300049,43.200001,-4.7,-1.9,0,0,0,0,0,0,0,0,0,0,0,0,0,0,0,0,0
2026-03-22T16:21:07Z,56.876,194,-5631.899902,-10053.100586,1439.300049,43.200001,-4.7,-1.9,0,0,0,0,0,0,0,0,0,0,0,0,0,0,0,0,0
2026-03-22T16:21:07Z,57.121,195,-5631.100098,-10052.299805,1439.300049,43.100002,0.2,-0.9,0,0,0,0,0,0,0,0,0,0,0,0,0,0,0,0,0
2026-03-22T16:21:07Z,57.361,196,-5631.100098,-10052.299805,1439.300049,43.100002,0.2,-0.9,0,0,0,0,0,0,0,0,0,0,0,0,0,0,0,0,0
2026-03-22T16:21:08Z,57.621,197,-5631.100098,-10052.299805,1439.300049,43.100002,0.2,-0.9,0,0,0,0,0,0,0,0,0,0,0,0,0,0,0,0,0
2026-03-22T16:21:08Z,57.887,198,-5631.100098,-10052.299805,1439.300049,43.100002,0.2,-0.9,0,0,0,0,0,0,0,0,0,0,0,0,0,0,0,0,0
2026-03-22T16:21:08Z,58.136,199,-5630.300293,-10051.400391,1439.400024,43.299999,7.1,-1.9,0,0,0,0,0,0,0,0,0,0,0,0,0,0,0,0,0
2026-03-22T16:21:08Z,58.368,200,-5630.300293,-10051.400391,1439.400024,43.299999,7.1,-1.9,0,0,0,0,0,0,0,0,0,0,0,0,0,0,0,0,0
2026-03-22T16:21:09Z,58.631,201,-5630.300293,-10051.400391,1439.400024,43.299999,7.1,-1.9,0,0,0,0,0,0,0,0,0,0,0,0,0,0,0,0,0
2026-03-22T16:21:09Z,58.897,202,-5630.300293,-10051.400391,1439.400024,43.299999,7.1,-1.9,0,0,0,0,0,0,0,0,0,0,0,0,0,0,0,0,0
2026-03-22T16:21:09Z,59.158,203,-5629.399902,-10050.600586,1439.5,43.600002,4.1,-3.9,0,0,0,0,0,0,0,0,0,0,0,0,0,0,0,0,0
2026-03-22T16:21:09Z,59.398,204,-5629.399902,-10050.600586,1439.5,43.600002,4.1,-3.9,0,0,0,0,0,0,0,0,0,0,0,0,0,0,0,0,0
2026-03-22T16:21:10Z,59.663,205,-5629.399902,-10050.600586,1439.5,43.600002,4.1,-3.9,0,0,0,0,0,0,0,0,0,0,0,0,0,0,0,0,0
2026-03-22T16:21:10Z,59.886,206,-5628.700195,-10049.700195,1439.5,43.299999,-2.7,2.8,0,0,0,0,0,0,0,0,0,0,0,0,0,0,0,0,0
2026-03-22T16:21:10Z,60.108,207,-5628.700195,-10049.700195,1439.5,43.299999,-2.7,2.8,0,0,0,0,0,0,0,0,0,0,0,0,0,0,0,0,0
2026-03-22T16:21:10Z,60.336,208,-5628.700195,-10049.700195,1439.5,43.299999,-2.7,2.8,0,0,0,0,0,0,0,0,0,0,0,0,0,0,0,0,0
2026-03-22T16:21:11Z,60.591,209,-5628.700195,-10049.700195,1439.5,43.299999,-2.7,2.8,0,0,0,0,0,0,0,0,0,0,0,0,0,0,0,0,0
2026-03-22T16:21:11Z,60.869,210,-5628.700195,-10049.700195,1439.5,43.299999,-2.7,2.8,0,0,0,0,0,0,0,0,0,0,0,0,0,0,0,0,0
2026-03-22T16:21:11Z,61.105,211,-5627.800293,-10048.700195,1439.400024,42.100002,0.7,2.5,0,0,0,0,0,0,0,0,0,0,0,0,0,0,0,0,0
2026-03-22T16:21:11Z,61.346,212,-5627.800293,-10048.700195,1439.400024,42.100002,0.7,2.5,0,0,0,0,0,0,0,0,0,0,0,0,0,0,0,0,0
2026-03-22T16:21:12Z,61.611,213,-5627.800293,-10048.700195,1439.400024,42.100002,0.7,2.5,0,0,0,0,0,0,0,0,0,0,0,0,0,0,0,0,0
2026-03-22T16:21:12Z,61.835,214,-5627.800293,-10048.700195,1439.400024,42.100002,0.7,2.5,0,0,0,0,0,0,0,0,0,0,0,0,0,0,0,0,0
2026-03-22T16:21:12Z,62.062,215,-5627,-10047.799805,1439.400024,40.200001,1.6,2.3,0,0,0,0,0,0,0,0,0,0,0,0,0,0,0,0,0
2026-03-22T16:21:12Z,62.290,216,-5627,-10047.799805,1439.400024,40.200001,1.6,2.3,0,0,0,0,0,0,0,0,0,0,0,0,0,0,0,0,0
2026-03-22T16:21:12Z,62.533,217,-5627,-10047.799805,1439.400024,40.200001,1.6,2.3,0,0,0,0,0,0,0,0,0,0,0,0,0,0,0,0,0
2026-03-22T16:21:13Z,62.774,218,-5627,-10047.799805,1439.400024,40.200001,1.6,2.3,0,0,0,0,0,0,0,0,0,0,0,0,0,0,0,0,0
2026-03-22T16:21:13Z,63.006,219,-5626.300293,-10046.799805,1439.400024,36.100002,-0.2,3.9,0,0,0,0,0,0,0,0,0,0,0,0,0,0,0,0,0
2026-03-22T16:21:13Z,63.248,220,-5626.300293,-10046.799805,1439.400024,36.100002,-0.2,3.9,0,0,0,0,0,0,0,0,0,0,0,0,0,0,0,0,0
2026-03-22T16:21:13Z,63.492,221,-5626.300293,-10046.799805,1439.400024,36.100002,-0.2,3.9,0,0,0,0,0,0,0,0,0,0,0,0,0,0,0,0,0
2026-03-22T16:21:14Z,63.725,222,-5626.300293,-10046.799805,1439.400024,36.100002,-0.2,3.9,0,0,0,0,0,0,0,0,0,0,0,0,0,0,0,0,0
2026-03-22T16:21:14Z,63.971,223,-5625.600098,-10045.700195,1439.5,33,1.5,3.9,0,0,0,0,0,0,0,0,0,0,0,0,0,0,0,0,0
2026-03-22T16:21:14Z,64.232,224,-5625.600098,-10045.700195,1439.5,33,1.5,3.9,0,0,0,0,0,0,0,0,0,0,0,0,0,0,0,0,0
2026-03-22T16:21:14Z,64.477,225,-5625.600098,-10045.700195,1439.5,33,1.5,3.9,0,0,0,0,0,0,0,0,0,0,0,0,0,0,0,0,0
2026-03-22T16:21:15Z,64.712,226,-5625.600098,-10045.700195,1439.5,33,1.5,3.9,0,0,0,0,0,0,0,0,0,0,0,0,0,0,0,0,0
2026-03-22T16:21:15Z,64.965,227,-5625.600098,-10045.700195,1439.5,33,1.5,3.9,0,0,0,0,0,0,0,0,0,0,0,0,0,0,0,0,0
2026-03-22T16:21:15Z,65.216,228,-5625.100098,-10044.600586,1439.400024,30.200001,0.8,4.5,0,0,0,0,0,0,0,0,0,0,0,0,0,0,0,0,0
2026-03-22T16:21:15Z,65.467,229,-5625.100098,-10044.600586,1439.400024,30.200001,0.8,4.5,0,0,0,0,0,0,0,0,0,0,0,0,0,0,0,0,0
2026-03-22T16:21:16Z,65.720,230,-5625.100098,-10044.600586,1439.400024,30.200001,0.8,4.5,0,0,0,0,0,0,0,0,0,0,0,0,0,0,0,0,0
2026-03-22T16:21:16Z,65.970,231,-5625.100098,-10044.600586,1439.400024,30.200001,0.8,4.5,0,0,0,0,0,0,0,0,0,0,0,0,0,0,0,0,0
2026-03-22T16:21:17Z,66.227,232,-5624.5,-10043.5,1439.400024,27.9,0,4.8,0,0,0,0,0,0,0,0,0,0,0,0,0,0,0,0,0
