sample_idx,sensor_idx,distance_cm,x_cm,y_cm,z_cm,pose_x_cm,pose_y_cm,pose_z_cm,heading_deg
0,1,545.489990,548.908691,372.864929,-146.572159,300.000000,1179.980347,39.996399,-90.100006
0,3,601.200012,30.284580,324.576904,-165.626114,300.000000,1179.980347,39.996399,-90.100006
0,5,451.040009,373.719116,446.069550,-150.621338,300.000000,1179.980347,39.996399,-90.100006
0,6,463.079987,223.700302,435.419434,-155.709656,300.000000,1179.980347,39.996399,-90.100006
0,7,407.329987,917.694214,1138.902222,-99.318657,300.000000,1179.980347,39.996399,-90.100006
0,8,406.089996,-316.668640,1141.056641,-98.894562,300.000000,1179.980347,39.996399,-90.100006
0,9,660.409973,995.760559,1899.670532,39.996399,300.000000,1179.980347,39.996399,-90.100006
0,10,277.019989,381.041931,1776.859863,39.996399,300.000000,1179.980347,39.996399,-90.100006
0,11,268.019989,251.026428,1768.086792,39.996399,300.000000,1179.980347,39.996399,-90.100006
0,12,619.190002,-311.803558,1870.376343,39.996399,300.000000,1179.980347,39.996399,-90.100006
0,13,785.530029,637.748840,127.446770,-96.409454,300.000000,1179.980347,39.996399,-90.100006
1,1,545.489990,548.908691,372.864929,-146.572159,300.000000,1179.980347,39.996399,-90.100006
1,3,601.200012,30.284580,324.576904,-165.626114,300.000000,1179.980347,39.996399,-90.100006
1,5,451.040009,373.719116,446.069550,-150.621338,300.000000,1179.980347,39.996399,-90.100006
1,6,463.079987,223.700302,435.419434,-155.709656,300.000000,1179.980347,39.996399,-90.100006
1,7,407.329987,917.694214,1138.902222,-99.318657,300.000000,1179.980347,39.996399,-90.100006
1,8,406.089996,-316.668640,1141.056641,-98.894562,300.000000,1179.980347,39.996399,-90.100006
1,9,660.409973,995.760559,1899.670532,39.996399,300.000000,1179.980347,39.996399,-90.100006
1,10,277.019989,381.041931,1776.859863,39.996399,300.000000,1179.980347,39.996399,-90.100006
1,11,268.019989,251.026428,1768.086792,39.996399,300.000000,1179.980347,39.996399,-90.100006
1,12,619.190002,-311.803558,1870.376343,39.996399,300.000000,1179.980347,39.996399,-90.100006
1,13,785.530029,637.748840,127.446770,-96.409454,300.000000,1179.980347,39.996399,-90.100006
2,1,545.489990,548.908691,372.864929,-146.572159,300.000000,1179.980347,39.996399,-90.100006
2,3,601.200012,30.284580,324.576904,-165.626114,300.000000,1179.980347,39.996399,-90.100006
2,5,451.040009,373.719116,446.069550,-150.621338,300.000000,1179.980347,39.996399,-90.100006
2,6,463.079987,223.700302,435.419434,-155.709656,300.000000,1179.980347,39.996399,-90.100006
2,7,407.329987,917.694214,1138.902222,-99.318657,300.000000,1179.980347,39.996399,-90.100006
2,8,406.089996,-316.668640,1141.056641,-98.894562,300.000000,1179.980347,39.996399,-90.100006
2,9,660.409973,995.760559,1899.670532,39.996399,300.000000,1179.980347,39.996399,-90.100006
2,10,277.019989,381.041931,1776.859863,39.996399,300.000000,1179.980347,39.996399,-90.100006
2,11,268.019989,251.026428,1768.086792,39.996399,300.000000,1179.980347,39.996399,-90.100006
2,12,619.190002,-311.803558,1870.376343,39.996399,300.000000,1179.980347,39.996399,-90.100006
2,13,785.530029,637.748840,127.446770,-96.409454,300.000000,1179.980347,39.996399,-90.100006
3,1,593.080017,564.130493,300.834747,-162.848907,300.000000,1149.999878,39.996399,-90.100006
3,3,661.760010,10.727663,241.154633,-186.338852,300.000000,1149.999878,39.996399,-90.100006
3,5,487.390015,373.661621,383.144806,-165.983521,300.000000,1149.999878,39.996399,-90.100006
3,6,500.290009,223.641434,371.715271,-171.435287,300.000000,1149.999878,39.996399,-90.100006
3,7,406.850006,917.243164,1108.922485,-99.154495,300.000000,1149.999878,39.996399,-90.100006
3,8,409.859985,-320.211273,1111.082397,-100.183968,300.000000,1149.999878,39.996399,-90.100006
3,9,686.789978,1012.752563,1889.868652,39.996399,300.000000,1149.999878,39.996399,-90.100006
3,10,220.589996,380.943451,1690.449463,39.996399,300.000000,1149.999878,39.996399,-90.100006
3,11,212.690002,250.929855,1682.776367,39.996399,300.000000,1149.999878,39.996399,-90.100006
3,12,571.080017,-280.943420,1803.487549,39.996399,300.000000,1149.999878,39.996399,-90.100006
3,13,753.820007,627.119385,126.829842,-90.903069,300.000000,1149.999878,39.996399,-90.100006
3,15,938.179993,785.799988,-7.062078,39.996399,300.000000,1149.999878,39.996399,-90.100006
4,1,593.080017,564.130493,300.834747,-162.848907,300.000000,1149.999878,39.996399,-90.100006
4,3,661.760010,10.727663,241.154633,-186.338852,300.000000,1149.999878,39.996399,-90.100006
4,5,487.390015,373.661621,383.144806,-165.983521,300.000000,1149.999878,39.996399,-90.100006
4,6,500.290009,223.641434,371.715271,-171.435287,300.000000,1149.999878,39.996399,-90.100006
4,7,406.850006,917.243164,1108.922485,-99.154495,300.000000,1149.999878,39.996399,-90.100006
4,8,409.859985,-320.211273,1111.082397,-100.183968,300.000000,1149.999878,39.996399,-90.100006
4,9,686.789978,1012.752563,1889.868652,39.996399,300.000000,1149.999878,39.996399,-90.100006
4,10,220.589996,380.943451,1690.449463,39.996399,300.000000,1149.999878,39.996399,-90.100006
4,11,212.690002,250.929855,1682.776367,39.996399,300.000000,1149.999878,39.996399,-90.100006
4,12,571.080017,-280.943420,1803.487549,39.996399,300.000000,1149.999878,39.996399,-90.100006
4,13,753.820007,627.119385,126.829842,-90.903069,300.000000,1149.999878,39.996399,-90.100006
4,15,938.179993,785.799988,-7.062078,39.996399,300.000000,1149.999878,39.996399,-90.100006
5,1,593.080017,564.130493,300.834747,-162.848907,300.000000,1149.999878,39.996399,-90.100006
5,3,661.760010,10.727663,241.154633,-186.338852,300.000000,1149.999878,39.996399,-90.100006
5,5,487.390015,373.661621,383.144806,-165.983521,300.000000,1149.999878,39.996399,-90.100006
5,6,500.290009,223.641434,371.715271,-171.435287,300.000000,1149.999878,39.996399,-90.100006
5,7,406.850006,917.243164,1108.922485,-99.154495,300.000000,1149.999878,39.996399,-90.100006
5,8,409.859985,-320.211273,1111.082397,-100.183968,300.000000,1149.999878,39.996399,-90.100006
5,9,686.789978,1012.752563,1889.868652,39.996399,300.000000,1149.999878,39.996399,-90.100006
5,10,220.589996,380.943451,1690.449463,39.996399,300.000000,1149.999878,39.996399,-90.100006
5,11,212.690002,250.929855,1682.776367,39.996399,300.000000,1149.999878,39.996399,-90.100006
5,12,571.080017,-280.943420,1803.487549,39.996399,300.000000,1149.999878,39.996399,-90.100006
5,13,753.820007,627.119385,126.829842,-90.903069,300.000000,1149.999878,39.996399,-90.100006
5,15,938.179993,785.799988,-7.062078,39.996399,300.000000,1149.999878,39.996399,-90.100006
6,1,593.080017,564.130493,300.834747,-162.848907,300.000000,1149.999878,39.996399,-90.100006
6,3,661.760010,10.727663,241.154633,-186.338852,300.000000,1149.999878,39.996399,-90.100006
6,5,487.390015,373.661621,383.144806,-165.983521,300.000000,1149.999878,39.996399,-90.100006
6,6,500.290009,223.641434,371.715271,-171.435287,300.000000,1149.999878,39.996399,-90.100006
6,7,406.850006,917.243164,1108.922485,-99.154495,300.000000,1149.999878,39.996399,-90.100006
6,8,409.859985,-320.211273,1111.082397,-100.183968,300.000000,1149.999878,39.996399,-90.100006
6,9,686.789978,1012.752563,1889.868652,39.996399,300.000000,1149.999878,39.996399,-90.100006
6,10,220.589996,380.943451,1690.449463,39.996399,300.000000,1149.999878,39.996399,-90.100006
6,11,212.690002,250.929855,1682.776367,39.996399,300.000000,1149.999878,39.996399,-90.100006
6,12,571.080017,-280.943420,1803.487549,39.996399,300.000000,1149.999878,39.996399,-90.100006
6,13,753.820007,627.119385,126.829842,-90.903069,300.000000,1149.999878,39.996399,-90.100006
6,15,938.179993,785.799988,-7.062078,39.996399,300.000000,1149.999878,39.996399,-90.100006
7,1,593.080017,564.130493,300.834747,-162.848907,300.000000,1149.999878,39.996399,-90.100006
7,3,661.760010,10.727663,241.154633,-186.338852,300.000000,1149.999878,39.996399,-90.100006
7,5,487.390015,373.661621,383.144806,-165.983521,300.000000,1149.999878,39.996399,-90.100006
7,6,500.290009,223.641434,371.715271,-171.435287,300.000000,1149.999878,39.996399,-90.100006
7,7,406.850006,917.243164,1108.922485,-99.154495,300.000000,1149.999878,39.996399,-90.100006
7,8,409.859985,-320.211273,1111.082397,-100.183968,300.000000,1149.999878,39.996399,-90.100006
7,9,686.789978,1012.752563,1889.868652,39.996399,300.000000,1149.999878,39.996399,-90.100006
7,10,220.589996,380.943451,1690.449463,39.996399,300.000000,1149.999878,39.996399,-90.100006
7,11,212.690002,250.929855,1682.776367,39.996399,300.000000,1149.999878,39.996399,-90.100006
7,12,571.080017,-280.943420,1803.487549,39.996399,300.000000,1149.999878,39.996399,-90.100006
7,13,753.820007,627.119385,126.829842,-90.903069,300.000000,1149.999878,39.996399,-90.100006
7,15,938.179993,785.799988,-7.062078,39.996399,300.000000,1149.999878,39.996399,-90.100006
8,1,593.080017,564.130493,300.834747,-162.848907,300.000000,1149.999878,39.996399,-90.100006
8,3,661.760010,10.727663,241.154633,-186.338852,300.000000,1149.999878,39.996399,-90.100006
8,5,487.390015,373.661621,383.144806,-165.983521,300.000000,1149.999878,39.996399,-90.100006
8,6,500.290009,223.641434,371.715271,-171.435287,300.000000,1149.999878,39.996399,-90.100006
8,7,406.850006,917.243164,1108.922485,-99.154495,300.000000,1149.999878,39.996399,-90.100006
8,8,409.859985,-320.211273,1111.082397,-100.183968,300.000000,1149.999878,39.996399,-90.100006
8,9,686.789978,1012.752563,1889.868652,39.996399,300.000000,1149.999878,39.996399,-90.100006
8,10,220.589996,380.943451,1690.449463,39.996399,300.000000,1149.999878,39.996399,-90.100006
8,11,212.690002,250.929855,1682.776367,39.996399,300.000000,1149.999878,39.996399,-90.100006
8,12,571.080017,-280.943420,1803.487549,39.996399,300.000000,1149.999878,39.996399,-90.100006
8,13,753.820007,627.119385,126.829842,-90.903069,300.000000,1149.999878,39.996399,-90.100006
8,15,938.179993,785.799988,-7.062078,39.996399,300.000000,1149.999878,39.996399,-90.100006
9,1,593.080017,564.130493,300.834747,-162.848907,300.000000,1149.999878,39.996399,-90.100006
9,3,661.760010,10.727663,241.154633,-186.338852,300.000000,1149.999878,39.996399,-90.100006
9,5,487.390015,373.661621,383.144806,-165.983521,300.000000,1149.999878,39.996399,-90.100006
9,6,500.290009,223.641434,371.715271,-171.435287,300.000000,1149.999878,39.996399,-90.100006
9,7,406.850006,917.243164,1108.922485,-99.154495,300.000000,1149.999878,39.996399,-90.100006
9,8,409.859985,-320.211273,1111.082397,-100.183968,300.000000,1149.999878,39.996399,-90.100006
9,9,686.789978,1012.752563,1889.868652,39.996399,300.000000,1149.999878,39.996399,-90.100006
9,10,220.589996,380.943451,1690.449463,39.996399,300.000000,1149.999878,39.996399,-90.100006
9,11,212.690002,250.929855,1682.776367,39.996399,300.000000,1149.999878,39.996399,-90.100006
9,12,571.080017,-280.943420,1803.487549,39.996399,300.000000,1149.999878,39.996399,-90.100006
9,13,753.820007,627.119385,126.829842,-90.903069,300.000000,1149.999878,39.996399,-90.100006
9,15,938.179993,785.799988,-7.062078,39.996399,300.000000,1149.999878,39.996399,-90.100006
10,1,593.080017,564.130493,300.834747,-162.848907,300.000000,1149.999878,39.996399,-90.100006
10,3,661.760010,10.727663,241.154633,-186.338852,300.000000,1149.999878,39.996399,-90.100006
10,5,487.390015,373.661621,383.144806,-165.983521,300.000000,1149.999878,39.996399,-90.100006
10,6,500.290009,223.641434,371.715271,-171.435287,300.000000,1149.999878,39.996399,-90.100006
10,7,406.850006,917.243164,1108.922485,-99.154495,300.000000,1149.999878,39.996399,-90.100006
10,8,409.859985,-320.211273,1111.082397,-100.183968,300.000000,1149.999878,39.996399,-90.100006
10,9,686.789978,1012.752563,1889.868652,39.996399,300.000000,1149.999878,39.996399,-90.100006
10,10,220.589996,380.943451,1690.449463,39.996399,300.000000,1149.999878,39.996399,-90.100006
10,11,212.690002,250.929855,1682.776367,39.996399,300.000000,1149.999878,39.996399,-90.100006
10,12,571.080017,-280.943420,1803.487549,39.996399,300.000000,1149.999878,39.996399,-90.100006
10,13,753.820007,627.119385,126.829842,-90.903069,300.000000,1149.999878,39.996399,-90.100006
10,15,938.179993,785.799988,-7.062078,39.996399,300.000000,1149.999878,39.996399,-90.100006
11,1,593.080017,564.130493,300.834747,-162.848907,300.000000,1149.999878,39.996399,-90.100006
11,3,661.760010,10.727663,241.154633,-186.338852,300.000000,1149.999878,39.996399,-90.100006
11,5,487.390015,373.661621,383.144806,-165.983521,300.000000,1149.999878,39.996399,-90.100006
11,6,500.290009,223.641434,371.715271,-171.435287,300.000000,1149.999878,39.996399,-90.100006
11,7,406.850006,917.243164,1108.922485,-99.154495,300.000000,1149.999878,39.996399,-90.100006
11,8,409.859985,-320.211273,1111.082397,-100.183968,300.000000,1149.999878,39.996399,-90.100006
11,9,686.789978,1012.752563,1889.868652,39.996399,300.000000,1149.999878,39.996399,-90.100006
11,10,220.589996,380.943451,1690.449463,39.996399,300.000000,1149.999878,39.996399,-90.100006
11,11,212.690002,250.929855,1682.776367,39.996399,300.000000,1149.999878,39.996399,-90.100006
11,12,571.080017,-280.943420,1803.487549,39.996399,300.000000,1149.999878,39.996399,-90.100006
11,13,753.820007,627.119385,126.829842,-90.903069,300.000000,1149.999878,39.996399,-90.100006
11,15,938.179993,785.799988,-7.062078,39.996399,300.000000,1149.999878,39.996399,-90.100006
12,1,593.080017,564.130493,300.834747,-162.848907,300.000000,1149.999878,39.996399,-90.100006
12,3,661.760010,10.727663,241.154633,-186.338852,300.000000,1149.999878,39.996399,-90.100006
12,5,487.390015,373.661621,383.144806,-165.983521,300.000000,1149.999878,39.996399,-90.100006
12,6,500.290009,223.641434,371.715271,-171.435287,300.000000,1149.999878,39.996399,-90.100006
12,7,406.850006,917.243164,1108.922485,-99.154495,300.000000,1149.999878,39.996399,-90.100006
12,8,409.859985,-320.211273,1111.082397,-100.183968,300.000000,1149.999878,39.996399,-90.100006
12,9,686.789978,1012.752563,1889.868652,39.996399,300.000000,1149.999878,39.996399,-90.100006
12,10,220.589996,380.943451,1690.449463,39.996399,300.000000,1149.999878,39.996399,-90.100006
12,11,212.690002,250.929855,1682.776367,39.996399,300.000000,1149.999878,39.996399,-90.100006
12,12,571.080017,-280.943420,1803.487549,39.996399,300.000000,1149.999878,39.996399,-90.100006
12,13,753.820007,627.119385,126.829842,-90.903069,300.000000,1149.999878,39.996399,-90.100006
12,15,938.179993,785.799988,-7.062078,39.996399,300.000000,1149.999878,39.996399,-90.100006
13,1,593.080017,564.130493,300.834747,-162.848907,300.000000,1149.999878,39.996399,-90.100006
13,3,661.760010,10.727663,241.154633,-186.338852,300.000000,1149.999878,39.996399,-90.100006
13,5,487.390015,373.661621,383.144806,-165.983521,300.000000,1149.999878,39.996399,-90.100006
13,6,500.290009,223.641434,371.715271,-171.435287,300.000000,1149.999878,39.996399,-90.100006
13,7,406.850006,917.243164,1108.922485,-99.154495,300.000000,1149.999878,39.996399,-90.100006
13,8,409.859985,-320.211273,1111.082397,-100.183968,300.000000,1149.999878,39.996399,-90.100006
13,9,686.789978,1012.752563,1889.868652,39.996399,300.000000,1149.999878,39.996399,-90.100006
13,10,220.589996,380.943451,1690.449463,39.996399,300.000000,1149.999878,39.996399,-90.100006
13,11,212.690002,250.929855,1682.776367,39.996399,300.000000,1149.999878,39.996399,-90.100006
13,12,571.080017,-280.943420,1803.487549,39.996399,300.000000,1149.999878,39.996399,-90.100006
13,13,753.820007,627.119385,126.829842,-90.903069,300.000000,1149.999878,39.996399,-90.100006
13,15,938.179993,785.799988,-7.062078,39.996399,300.000000,1149.999878,39.996399,-90.100006
14,1,593.080017,564.130493,300.834747,-162.848907,300.000000,1149.999878,39.996399,-90.100006
14,3,661.760010,10.727663,241.154633,-186.338852,300.000000,1149.999878,39.996399,-90.100006
14,5,487.390015,373.661621,383.144806,-165.983521,300.000000,1149.999878,39.996399,-90.100006
14,6,500.290009,223.641434,371.715271,-171.435287,300.000000,1149.999878,39.996399,-90.100006
14,7,406.850006,917.243164,1108.922485,-99.154495,300.000000,1149.999878,39.996399,-90.100006
14,8,409.859985,-320.211273,1111.082397,-100.183968,300.000000,1149.999878,39.996399,-90.100006
14,9,686.789978,1012.752563,1889.868652,39.996399,300.000000,1149.999878,39.996399,-90.100006
14,10,220.589996,380.943451,1690.449463,39.996399,300.000000,1149.999878,39.996399,-90.100006
14,11,212.690002,250.929855,1682.776367,39.996399,300.000000,1149.999878,39.996399,-90.100006
14,12,571.080017,-280.943420,1803.487549,39.996399,300.000000,1149.999878,39.996399,-90.100006
14,13,753.820007,627.119385,126.829842,-90.903069,300.000000,1149.999878,39.996399,-90.100006
14,15,938.179993,785.799988,-7.062078,39.996399,300.000000,1149.999878,39.996399,-90.100006
15,1,593.080017,564.130493,300.834747,-162.848907,300.000000,1149.999878,39.996399,-90.100006
15,3,661.760010,10.727663,241.154633,-186.338852,300.000000,1149.999878,39.996399,-90.100006
15,5,487.390015,373.661621,383.144806,-165.983521,300.000000,1149.999878,39.996399,-90.100006
15,6,500.290009,223.641434,371.715271,-171.435287,300.000000,1149.999878,39.996399,-90.100006
15,7,406.850006,917.243164,1108.922485,-99.154495,300.000000,1149.999878,39.996399,-90.100006
15,8,409.859985,-320.211273,1111.082397,-100.183968,300.000000,1149.999878,39.996399,-90.100006
15,9,686.789978,1012.752563,1889.868652,39.996399,300.000000,1149.999878,39.996399,-90.100006
15,10,220.589996,380.943451,1690.449463,39.996399,300.000000,1149.999878,39.996399,-90.100006
15,11,212.690002,250.929855,1682.776367,39.996399,300.000000,1149.999878,39.996399,-90.100006
15,12,571.080017,-280.943420,1803.487549,39.996399,300.000000,1149.999878,39.996399,-90.100006
15,13,753.820007,627.119385,126.829842,-90.903069,300.000000,1149.999878,39.996399,-90.100006
15,15,938.179993,785.799988,-7.062078,39.996399,300.000000,1149.999878,39.996399,-90.100006
16,0,0.030000,545.015015,860.032532,49.993999,300.000000,1110.058472,49.993999,-90.000000
16,1,547.409973,550.934204,301.683319,-137.231232,300.000000,1110.058472,49.993999,-90.000000
16,3,608.830017,29.325804,247.448059,-158.238129,300.000000,1110.058472,49.993999,-90.000000
16,5,453.309998,375.000000,374.220123,-141.583084,300.000000,1110.058472,49.993999,-90.000000
16,6,465.600006,225.000000,363.081604,-146.777069,300.000000,1110.058472,49.993999,-90.000000
16,7,401.820007,912.587280,1070.058472,-87.436539,300.000000,1110.058472,49.993999,-90.000000
16,8,410.859985,-321.082092,1070.058472,-90.528389,300.000000,1110.058472,49.993999,-90.000000
16,9,649.799988,987.683411,1822.834229,49.993999,300.000000,1110.058472,49.993999,-90.000000
16,10,270.700012,380.000000,1700.758545,49.993999,300.000000,1110.058472,49.993999,-90.000000
16,11,262.540009,250.000000,1692.598511,49.993999,300.000000,1110.058472,49.993999,-90.000000
16,12,622.299988,-315.006714,1801.767944,49.993999,300.000000,1110.058472,49.993999,-90.000000
16,13,718.239990,616.920532,120.387306,-74.727066,300.000000,1110.058472,49.993999,-90.000000
16,15,924.229980,784.208313,-32.679108,49.993999,300.000000,1110.058472,49.993999,-90.000000
17,0,0.030000,545.015015,860.032532,49.993999,300.000000,1110.058472,49.993999,-90.000000
17,1,547.409973,550.934204,301.683319,-137.231232,300.000000,1110.058472,49.993999,-90.000000
17,3,608.830017,29.325804,247.448059,-158.238129,300.000000,1110.058472,49.993999,-90.000000
17,5,453.309998,375.000000,374.220123,-141.583084,300.000000,1110.058472,49.993999,-90.000000
17,6,465.600006,225.000000,363.081604,-146.777069,300.000000,1110.058472,49.993999,-90.000000
17,7,401.820007,912.587280,1070.058472,-87.436539,300.000000,1110.058472,49.993999,-90.000000
17,8,410.859985,-321.082092,1070.058472,-90.528389,300.000000,1110.058472,49.993999,-90.000000
17,9,649.799988,987.683411,1822.834229,49.993999,300.000000,1110.058472,49.993999,-90.000000
17,10,270.700012,380.000000,1700.758545,49.993999,300.000000,1110.058472,49.993999,-90.000000
17,11,262.540009,250.000000,1692.598511,49.993999,300.000000,1110.058472,49.993999,-90.000000
17,12,622.299988,-315.006714,1801.767944,49.993999,300.000000,1110.058472,49.993999,-90.000000
17,13,718.239990,616.920532,120.387306,-74.727066,300.000000,1110.058472,49.993999,-90.000000
17,15,924.229980,784.208313,-32.679108,49.993999,300.000000,1110.058472,49.993999,-90.000000
18,0,0.030000,545.015015,860.032532,49.993999,300.000000,1110.058472,49.993999,-90.000000
18,1,547.409973,550.934204,301.683319,-137.231232,300.000000,1110.058472,49.993999,-90.000000
18,3,608.830017,29.325804,247.448059,-158.238129,300.000000,1110.058472,49.993999,-90.000000
18,5,453.309998,375.000000,374.220123,-141.583084,300.000000,1110.058472,49.993999,-90.000000
18,6,465.600006,225.000000,363.081604,-146.777069,300.000000,1110.058472,49.993999,-90.000000
18,7,401.820007,912.587280,1070.058472,-87.436539,300.000000,1110.058472,49.993999,-90.000000
18,8,410.859985,-321.082092,1070.058472,-90.528389,300.000000,1110.058472,49.993999,-90.000000
18,9,649.799988,987.683411,1822.834229,49.993999,300.000000,1110.058472,49.993999,-90.000000
18,10,270.700012,380.000000,1700.758545,49.993999,300.000000,1110.058472,49.993999,-90.000000
18,11,262.540009,250.000000,1692.598511,49.993999,300.000000,1110.058472,49.993999,-90.000000
18,12,622.299988,-315.006714,1801.767944,49.993999,300.000000,1110.058472,49.993999,-90.000000
18,13,718.239990,616.920532,120.387306,-74.727066,300.000000,1110.058472,49.993999,-90.000000
18,15,924.229980,784.208313,-32.679108,49.993999,300.000000,1110.058472,49.993999,-90.000000
19,0,0.030000,545.015015,860.032532,49.993999,300.000000,1110.058472,49.993999,-90.000000
19,1,547.409973,550.934204,301.683319,-137.231232,300.000000,1110.058472,49.993999,-90.000000
19,3,608.830017,29.325804,247.448059,-158.238129,300.000000,1110.058472,49.993999,-90.000000
19,5,453.309998,375.000000,374.220123,-141.583084,300.000000,1110.058472,49.993999,-90.000000
19,6,465.600006,225.000000,363.081604,-146.777069,300.000000,1110.058472,49.993999,-90.000000
19,7,401.820007,912.587280,1070.058472,-87.436539,300.000000,1110.058472,49.993999,-90.000000
19,8,410.859985,-321.082092,1070.058472,-90.528389,300.000000,1110.058472,49.993999,-90.000000
19,9,649.799988,987.683411,1822.834229,49.993999,300.000000,1110.058472,49.993999,-90.000000
19,10,270.700012,380.000000,1700.758545,49.993999,300.000000,1110.058472,49.993999,-90.000000
19,11,262.540009,250.000000,1692.598511,49.993999,300.000000,1110.058472,49.993999,-90.000000
19,12,622.299988,-315.006714,1801.767944,49.993999,300.000000,1110.058472,49.993999,-90.000000
19,13,718.239990,616.920532,120.387306,-74.727066,300.000000,1110.058472,49.993999,-90.000000
19,15,924.229980,784.208313,-32.679108,49.993999,300.000000,1110.058472,49.993999,-90.000000
20,0,0.030000,545.015015,860.032532,49.993999,300.000000,1110.058472,49.993999,-90.000000
20,1,547.409973,550.934204,301.683319,-137.231232,300.000000,1110.058472,49.993999,-90.000000
20,3,608.830017,29.325804,247.448059,-158.238129,300.000000,1110.058472,49.993999,-90.000000
20,5,453.309998,375.000000,374.220123,-141.583084,300.000000,1110.058472,49.993999,-90.000000
20,6,465.600006,225.000000,363.081604,-146.777069,300.000000,1110.058472,49.993999,-90.000000
20,7,401.820007,912.587280,1070.058472,-87.436539,300.000000,1110.058472,49.993999,-90.000000
20,8,410.859985,-321.082092,1070.058472,-90.528389,300.000000,1110.058472,49.993999,-90.000000
20,9,649.799988,987.683411,1822.834229,49.993999,300.000000,1110.058472,49.993999,-90.000000
20,10,270.700012,380.000000,1700.758545,49.993999,300.000000,1110.058472,49.993999,-90.000000
20,11,262.540009,250.000000,1692.598511,49.993999,300.000000,1110.058472,49.993999,-90.000000
20,12,622.299988,-315.006714,1801.767944,49.993999,300.000000,1110.058472,49.993999,-90.000000
20,13,718.239990,616.920532,120.387306,-74.727066,300.000000,1110.058472,49.993999,-90.000000
20,15,924.229980,784.208313,-32.679108,49.993999,300.000000,1110.058472,49.993999,-90.000000
21,0,0.030000,545.015015,860.032532,49.993999,300.000000,1110.058472,49.993999,-90.000000
21,1,547.409973,550.934204,301.683319,-137.231232,300.000000,1110.058472,49.993999,-90.000000
21,3,608.830017,29.325804,247.448059,-158.238129,300.000000,1110.058472,49.993999,-90.000000
21,5,453.309998,375.000000,374.220123,-141.583084,300.000000,1110.058472,49.993999,-90.000000
21,6,465.600006,225.000000,363.081604,-146.777069,300.000000,1110.058472,49.993999,-90.000000
21,7,401.820007,912.587280,1070.058472,-87.436539,300.000000,1110.058472,49.993999,-90.000000
21,8,410.859985,-321.082092,1070.058472,-90.528389,300.000000,1110.058472,49.993999,-90.000000
21,9,649.799988,987.683411,1822.834229,49.993999,300.000000,1110.058472,49.993999,-90.000000
21,10,270.700012,380.000000,1700.758545,49.993999,300.000000,1110.058472,49.993999,-90.000000
21,11,262.540009,250.000000,1692.598511,49.993999,300.000000,1110.058472,49.993999,-90.000000
21,12,622.299988,-315.006714,1801.767944,49.993999,300.000000,1110.058472,49.993999,-90.000000
21,13,718.239990,616.920532,120.387306,-74.727066,300.000000,1110.058472,49.993999,-90.000000
21,15,924.229980,784.208313,-32.679108,49.993999,300.000000,1110.058472,49.993999,-90.000000
22,0,0.030000,545.015015,860.032532,49.993999,300.000000,1110.058472,49.993999,-90.000000
22,1,547.409973,550.934204,301.683319,-137.231232,300.000000,1110.058472,49.993999,-90.000000
22,3,608.830017,29.325804,247.448059,-158.238129,300.000000,1110.058472,49.993999,-90.000000
22,5,453.309998,375.000000,374.220123,-141.583084,300.000000,1110.058472,49.993999,-90.000000
22,6,465.600006,225.000000,363.081604,-146.777069,300.000000,1110.058472,49.993999,-90.000000
22,7,401.820007,912.587280,1070.058472,-87.436539,300.000000,1110.058472,49.993999,-90.000000
22,8,410.859985,-321.082092,1070.058472,-90.528389,300.000000,1110.058472,49.993999,-90.000000
22,9,649.799988,987.683411,1822.834229,49.993999,300.000000,1110.058472,49.993999,-90.000000
22,10,270.700012,380.000000,1700.758545,49.993999,300.000000,1110.058472,49.993999,-90.000000
22,11,262.540009,250.000000,1692.598511,49.993999,300.000000,1110.058472,49.993999,-90.000000
22,12,622.299988,-315.006714,1801.767944,49.993999,300.000000,1110.058472,49.993999,-90.000000
22,13,718.239990,616.920532,120.387306,-74.727066,300.000000,1110.058472,49.993999,-90.000000
22,15,924.229980,784.208313,-32.679108,49.993999,300.000000,1110.058472,49.993999,-90.000000
23,0,0.030000,545.015015,860.032532,49.993999,300.000000,1110.058472,49.993999,-90.000000
23,1,547.409973,550.934204,301.683319,-137.231232,300.000000,1110.058472,49.993999,-90.000000
23,3,608.830017,29.325804,247.448059,-158.238129,300.000000,1110.058472,49.993999,-90.000000
23,5,453.309998,375.000000,374.220123,-141.583084,300.000000,1110.058472,49.993999,-90.000000
23,6,465.600006,225.000000,363.081604,-146.777069,300.000000,1110.058472,49.993999,-90.000000
23,7,401.820007,912.587280,1070.058472,-87.436539,300.000000,1110.058472,49.993999,-90.000000
23,8,410.859985,-321.082092,1070.058472,-90.528389,300.000000,1110.058472,49.993999,-90.000000
23,9,649.799988,987.683411,1822.834229,49.993999,300.000000,1110.058472,49.993999,-90.000000
23,10,270.700012,380.000000,1700.758545,49.993999,300.000000,1110.058472,49.993999,-90.000000
23,11,262.540009,250.000000,1692.598511,49.993999,300.000000,1110.058472,49.993999,-90.000000
23,12,622.299988,-315.006714,1801.767944,49.993999,300.000000,1110.058472,49.993999,-90.000000
23,13,718.239990,616.920532,120.387306,-74.727066,300.000000,1110.058472,49.993999,-90.000000
23,15,924.229980,784.208313,-32.679108,49.993999,300.000000,1110.058472,49.993999,-90.000000
24,0,0.030000,545.015015,860.032532,49.993999,300.000000,1110.058472,49.993999,-90.000000
24,1,547.409973,550.934204,301.683319,-137.231232,300.000000,1110.058472,49.993999,-90.000000
24,3,608.830017,29.325804,247.448059,-158.238129,300.000000,1110.058472,49.993999,-90.000000
24,5,453.309998,375.000000,374.220123,-141.583084,300.000000,1110.058472,49.993999,-90.000000
24,6,465.600006,225.000000,363.081604,-146.777069,300.000000,1110.058472,49.993999,-90.000000
24,7,401.820007,912.587280,1070.058472,-87.436539,300.000000,1110.058472,49.993999,-90.000000
24,8,410.859985,-321.082092,1070.058472,-90.528389,300.000000,1110.058472,49.993999,-90.000000
24,9,649.799988,987.683411,1822.834229,49.993999,300.000000,1110.058472,49.993999,-90.000000
24,10,270.700012,380.000000,1700.758545,49.993999,300.000000,1110.058472,49.993999,-90.000000
24,11,262.540009,250.000000,1692.598511,49.993999,300.000000,1110.058472,49.993999,-90.000000
24,12,622.299988,-315.006714,1801.767944,49.993999,300.000000,1110.058472,49.993999,-90.000000
24,13,718.239990,616.920532,120.387306,-74.727066,300.000000,1110.058472,49.993999,-90.000000
24,15,924.229980,784.208313,-32.679108,49.993999,300.000000,1110.058472,49.993999,-90.000000
25,0,0.030000,545.015015,860.032532,49.993999,300.000000,1110.058472,49.993999,-90.000000
25,1,547.409973,550.934204,301.683319,-137.231232,300.000000,1110.058472,49.993999,-90.000000
25,3,608.830017,29.325804,247.448059,-158.238129,300.000000,1110.058472,49.993999,-90.000000
25,5,453.309998,375.000000,374.220123,-141.583084,300.000000,1110.058472,49.993999,-90.000000
25,6,465.600006,225.000000,363.081604,-146.777069,300.000000,1110.058472,49.993999,-90.000000
25,7,401.820007,912.587280,1070.058472,-87.436539,300.000000,1110.058472,49.993999,-90.000000
25,8,410.859985,-321.082092,1070.058472,-90.528389,300.000000,1110.058472,49.993999,-90.000000
25,9,649.799988,987.683411,1822.834229,49.993999,300.000000,1110.058472,49.993999,-90.000000
25,10,270.700012,380.000000,1700.758545,49.993999,300.000000,1110.058472,49.993999,-90.000000
25,11,262.540009,250.000000,1692.598511,49.993999,300.000000,1110.058472,49.993999,-90.000000
25,12,622.299988,-315.006714,1801.767944,49.993999,300.000000,1110.058472,49.993999,-90.000000
25,13,718.239990,616.920532,120.387306,-74.727066,300.000000,1110.058472,49.993999,-90.000000
25,15,924.229980,784.208313,-32.679108,49.993999,300.000000,1110.058472,49.993999,-90.000000
26,0,0.030000,545.015015,860.032532,49.993999,300.000000,1110.058472,49.993999,-90.000000
26,1,547.409973,550.934204,301.683319,-137.231232,300.000000,1110.058472,49.993999,-90.000000
26,3,608.830017,29.325804,247.448059,-158.238129,300.000000,1110.058472,49.993999,-90.000000
26,5,453.309998,375.000000,374.220123,-141.583084,300.000000,1110.058472,49.993999,-90.000000
26,6,465.600006,225.000000,363.081604,-146.777069,300.000000,1110.058472,49.993999,-90.000000
26,7,401.820007,912.587280,1070.058472,-87.436539,300.000000,1110.058472,49.993999,-90.000000
26,8,410.859985,-321.082092,1070.058472,-90.528389,300.000000,1110.058472,49.993999,-90.000000
26,9,649.799988,987.683411,1822.834229,49.993999,300.000000,1110.058472,49.993999,-90.000000
26,10,270.700012,380.000000,1700.758545,49.993999,300.000000,1110.058472,49.993999,-90.000000
26,11,262.540009,250.000000,1692.598511,49.993999,300.000000,1110.058472,49.993999,-90.000000
26,12,622.299988,-315.006714,1801.767944,49.993999,300.000000,1110.058472,49.993999,-90.000000
26,13,718.239990,616.920532,120.387306,-74.727066,300.000000,1110.058472,49.993999,-90.000000
26,15,924.229980,784.208313,-32.679108,49.993999,300.000000,1110.058472,49.993999,-90.000000
27,1,531.179993,586.028198,276.032593,-131.680252,310.009796,1060.058472,49.993999,-87.800003
27,3,599.780029,75.248489,195.790405,-155.142853,310.009796,1060.058472,49.993999,-87.800003
27,5,443.769989,412.869781,336.281372,-137.551300,310.009796,1060.058472,49.993999,-87.800003
27,6,455.179993,263.377319,320.189880,-142.373383,310.009796,1060.058472,49.993999,-87.800003
27,7,387.160004,909.915344,1043.074951,-82.422523,310.009796,1060.058472,49.993999,-87.800003
27,8,425.010010,-322.365875,995.735596,-95.367981,310.009796,1060.058472,49.993999,-87.800003
27,9,609.419983,945.075256,1766.800903,49.993999,310.009796,1060.058472,49.993999,-87.800003
27,10,293.679993,366.393036,1676.357178,49.993999,310.009796,1060.058472,49.993999,-87.800003
27,11,292.820007,236.521866,1670.507446,49.993999,310.009796,1060.058472,49.993999,-87.800003
27,12,683.469971,-372.185913,1772.964355,49.993999,310.009796,1060.058472,49.993999,-87.800003
27,13,695.250000,656.133423,104.245018,-70.734894,310.009796,1060.058472,49.993999,-87.800003
27,15,910.080017,833.544067,-49.731991,49.993999,310.009796,1060.058472,49.993999,-87.800003
28,1,531.179993,586.028198,276.032593,-131.680252,310.009796,1060.058472,49.993999,-87.800003
28,3,599.780029,75.248489,195.790405,-155.142853,310.009796,1060.058472,49.993999,-87.800003
28,5,443.769989,412.869781,336.281372,-137.551300,310.009796,1060.058472,49.993999,-87.800003
28,6,455.179993,263.377319,320.189880,-142.373383,310.009796,1060.058472,49.993999,-87.800003
28,7,387.160004,909.915344,1043.074951,-82.422523,310.009796,1060.058472,49.993999,-87.800003
28,8,425.010010,-322.365875,995.735596,-95.367981,310.009796,1060.058472,49.993999,-87.800003
28,9,609.419983,945.075256,1766.800903,49.993999,310.009796,1060.058472,49.993999,-87.800003
28,10,293.679993,366.393036,1676.357178,49.993999,310.009796,1060.058472,49.993999,-87.800003
28,11,292.820007,236.521866,1670.507446,49.993999,310.009796,1060.058472,49.993999,-87.800003
28,12,683.469971,-372.185913,1772.964355,49.993999,310.009796,1060.058472,49.993999,-87.800003
28,13,695.250000,656.133423,104.245018,-70.734894,310.009796,1060.058472,49.993999,-87.800003
28,15,910.080017,833.544067,-49.731991,49.993999,310.009796,1060.058472,49.993999,-87.800003
29,1,531.179993,586.028198,276.032593,-131.680252,310.009796,1060.058472,49.993999,-87.800003
29,3,599.780029,75.248489,195.790405,-155.142853,310.009796,1060.058472,49.993999,-87.800003
29,5,443.769989,412.869781,336.281372,-137.551300,310.009796,1060.058472,49.993999,-87.800003
29,6,455.179993,263.377319,320.189880,-142.373383,310.009796,1060.058472,49.993999,-87.800003
29,7,387.160004,909.915344,1043.074951,-82.422523,310.009796,1060.058472,49.993999,-87.800003
29,8,425.010010,-322.365875,995.735596,-95.367981,310.009796,1060.058472,49.993999,-87.800003
29,9,609.419983,945.075256,1766.800903,49.993999,310.009796,1060.058472,49.993999,-87.800003
29,10,293.679993,366.393036,1676.357178,49.993999,310.009796,1060.058472,49.993999,-87.800003
29,11,292.820007,236.521866,1670.507446,49.993999,310.009796,1060.058472,49.993999,-87.800003
29,12,683.469971,-372.185913,1772.964355,49.993999,310.009796,1060.058472,49.993999,-87.800003
29,13,695.250000,656.133423,104.245018,-70.734894,310.009796,1060.058472,49.993999,-87.800003
29,15,910.080017,833.544067,-49.731991,49.993999,310.009796,1060.058472,49.993999,-87.800003
30,1,531.179993,586.028198,276.032593,-131.680252,310.009796,1060.058472,49.993999,-87.800003
30,3,599.780029,75.248489,195.790405,-155.142853,310.009796,1060.058472,49.993999,-87.800003
30,5,443.769989,412.869781,336.281372,-137.551300,310.009796,1060.058472,49.993999,-87.800003
30,6,455.179993,263.377319,320.189880,-142.373383,310.009796,1060.058472,49.993999,-87.800003
30,7,387.160004,909.915344,1043.074951,-82.422523,310.009796,1060.058472,49.993999,-87.800003
30,8,425.010010,-322.365875,995.735596,-95.367981,310.009796,1060.058472,49.993999,-87.800003
30,9,609.419983,945.075256,1766.800903,49.993999,310.009796,1060.058472,49.993999,-87.800003
30,10,293.679993,366.393036,1676.357178,49.993999,310.009796,1060.058472,49.993999,-87.800003
30,11,292.820007,236.521866,1670.507446,49.993999,310.009796,1060.058472,49.993999,-87.800003
30,12,683.469971,-372.185913,1772.964355,49.993999,310.009796,1060.058472,49.993999,-87.800003
30,13,695.250000,656.133423,104.245018,-70.734894,310.009796,1060.058472,49.993999,-87.800003
30,15,910.080017,833.544067,-49.731991,49.993999,310.009796,1060.058472,49.993999,-87.800003
31,1,531.179993,586.028198,276.032593,-131.680252,310.009796,1060.058472,49.993999,-87.800003
31,3,599.780029,75.248489,195.790405,-155.142853,310.009796,1060.058472,49.993999,-87.800003
31,5,443.769989,412.869781,336.281372,-137.551300,310.009796,1060.058472,49.993999,-87.800003
31,6,455.179993,263.377319,320.189880,-142.373383,310.009796,1060.058472,49.993999,-87.800003
31,7,387.160004,909.915344,1043.074951,-82.422523,310.009796,1060.058472,49.993999,-87.800003
31,8,425.010010,-322.365875,995.735596,-95.367981,310.009796,1060.058472,49.993999,-87.800003
31,9,609.419983,945.075256,1766.800903,49.993999,310.009796,1060.058472,49.993999,-87.800003
31,10,293.679993,366.393036,1676.357178,49.993999,310.009796,1060.058472,49.993999,-87.800003
31,11,292.820007,236.521866,1670.507446,49.993999,310.009796,1060.058472,49.993999,-87.800003
31,12,683.469971,-372.185913,1772.964355,49.993999,310.009796,1060.058472,49.993999,-87.800003
31,13,695.250000,656.133423,104.245018,-70.734894,310.009796,1060.058472,49.993999,-87.800003
31,15,910.080017,833.544067,-49.731991,49.993999,310.009796,1060.058472,49.993999,-87.800003
32,1,531.179993,586.028198,276.032593,-131.680252,310.009796,1060.058472,49.993999,-87.800003
32,3,599.780029,75.248489,195.790405,-155.142853,310.009796,1060.058472,49.993999,-87.800003
32,5,443.769989,412.869781,336.281372,-137.551300,310.009796,1060.058472,49.993999,-87.800003
32,6,455.179993,263.377319,320.189880,-142.373383,310.009796,1060.058472,49.993999,-87.800003
32,7,387.160004,909.915344,1043.074951,-82.422523,310.009796,1060.058472,49.993999,-87.800003
32,8,425.010010,-322.365875,995.735596,-95.367981,310.009796,1060.058472,49.993999,-87.800003
32,9,609.419983,945.075256,1766.800903,49.993999,310.009796,1060.058472,49.993999,-87.800003
32,10,293.679993,366.393036,1676.357178,49.993999,310.009796,1060.058472,49.993999,-87.800003
32,11,292.820007,236.521866,1670.507446,49.993999,310.009796,1060.058472,49.993999,-87.800003
32,12,683.469971,-372.185913,1772.964355,49.993999,310.009796,1060.058472,49.993999,-87.800003
32,13,695.250000,656.133423,104.245018,-70.734894,310.009796,1060.058472,49.993999,-87.800003
32,15,910.080017,833.544067,-49.731991,49.993999,310.009796,1060.058472,49.993999,-87.800003
33,1,531.179993,586.028198,276.032593,-131.680252,310.009796,1060.058472,49.993999,-87.800003
33,3,599.780029,75.248489,195.790405,-155.142853,310.009796,1060.058472,49.993999,-87.800003
33,5,443.769989,412.869781,336.281372,-137.551300,310.009796,1060.058472,49.993999,-87.800003
33,6,455.179993,263.377319,320.189880,-142.373383,310.009796,1060.058472,49.993999,-87.800003
33,7,387.160004,909.915344,1043.074951,-82.422523,310.009796,1060.058472,49.993999,-87.800003
33,8,425.010010,-322.365875,995.735596,-95.367981,310.009796,1060.058472,49.993999,-87.800003
33,9,609.419983,945.075256,1766.800903,49.993999,310.009796,1060.058472,49.993999,-87.800003
33,10,293.679993,366.393036,1676.357178,49.993999,310.009796,1060.058472,49.993999,-87.800003
33,11,292.820007,236.521866,1670.507446,49.993999,310.009796,1060.058472,49.993999,-87.800003
33,12,683.469971,-372.185913,1772.964355,49.993999,310.009796,1060.058472,49.993999,-87.800003
33,13,695.250000,656.133423,104.245018,-70.734894,310.009796,1060.058472,49.993999,-87.800003
33,15,910.080017,833.544067,-49.731991,49.993999,310.009796,1060.058472,49.993999,-87.800003
34,1,531.179993,586.028198,276.032593,-131.680252,310.009796,1060.058472,49.993999,-87.800003
34,3,599.780029,75.248489,195.790405,-155.142853,310.009796,1060.058472,49.993999,-87.800003
34,5,443.769989,412.869781,336.281372,-137.551300,310.009796,1060.058472,49.993999,-87.800003
34,6,455.179993,263.377319,320.189880,-142.373383,310.009796,1060.058472,49.993999,-87.800003
34,7,387.160004,909.915344,1043.074951,-82.422523,310.009796,1060.058472,49.993999,-87.800003
34,8,425.010010,-322.365875,995.735596,-95.367981,310.009796,1060.058472,49.993999,-87.800003
34,9,609.419983,945.075256,1766.800903,49.993999,310.009796,1060.058472,49.993999,-87.800003
34,10,293.679993,366.393036,1676.357178,49.993999,310.009796,1060.058472,49.993999,-87.800003
34,11,292.820007,236.521866,1670.507446,49.993999,310.009796,1060.058472,49.993999,-87.800003
34,12,683.469971,-372.185913,1772.964355,49.993999,310.009796,1060.058472,49.993999,-87.800003
34,13,695.250000,656.133423,104.245018,-70.734894,310.009796,1060.058472,49.993999,-87.800003
34,15,910.080017,833.544067,-49.731991,49.993999,310.009796,1060.058472,49.993999,-87.800003
35,1,531.179993,586.028198,276.032593,-131.680252,310.009796,1060.058472,49.993999,-87.800003
35,3,599.780029,75.248489,195.790405,-155.142853,310.009796,1060.058472,49.993999,-87.800003
35,5,443.769989,412.869781,336.281372,-137.551300,310.009796,1060.058472,49.993999,-87.800003
35,6,455.179993,263.377319,320.189880,-142.373383,310.009796,1060.058472,49.993999,-87.800003
35,7,387.160004,909.915344,1043.074951,-82.422523,310.009796,1060.058472,49.993999,-87.800003
35,8,425.010010,-322.365875,995.735596,-95.367981,310.009796,1060.058472,49.993999,-87.800003
35,9,609.419983,945.075256,1766.800903,49.993999,310.009796,1060.058472,49.993999,-87.800003
35,10,293.679993,366.393036,1676.357178,49.993999,310.009796,1060.058472,49.993999,-87.800003
35,11,292.820007,236.521866,1670.507446,49.993999,310.009796,1060.058472,49.993999,-87.800003
35,12,683.469971,-372.185913,1772.964355,49.993999,310.009796,1060.058472,49.993999,-87.800003
35,13,695.250000,656.133423,104.245018,-70.734894,310.009796,1060.058472,49.993999,-87.800003
35,15,910.080017,833.544067,-49.731991,49.993999,310.009796,1060.058472,49.993999,-87.800003
36,1,531.179993,586.028198,276.032593,-131.680252,310.009796,1060.058472,49.993999,-87.800003
36,3,599.780029,75.248489,195.790405,-155.142853,310.009796,1060.058472,49.993999,-87.800003
36,5,443.769989,412.869781,336.281372,-137.551300,310.009796,1060.058472,49.993999,-87.800003
36,6,455.179993,263.377319,320.189880,-142.373383,310.009796,1060.058472,49.993999,-87.800003
36,7,387.160004,909.915344,1043.074951,-82.422523,310.009796,1060.058472,49.993999,-87.800003
36,8,425.010010,-322.365875,995.735596,-95.367981,310.009796,1060.058472,49.993999,-87.800003
36,9,609.419983,945.075256,1766.800903,49.993999,310.009796,1060.058472,49.993999,-87.800003
36,10,293.679993,366.393036,1676.357178,49.993999,310.009796,1060.058472,49.993999,-87.800003
36,11,292.820007,236.521866,1670.507446,49.993999,310.009796,1060.058472,49.993999,-87.800003
36,12,683.469971,-372.185913,1772.964355,49.993999,310.009796,1060.058472,49.993999,-87.800003
36,13,695.250000,656.133423,104.245018,-70.734894,310.009796,1060.058472,49.993999,-87.800003
36,15,910.080017,833.544067,-49.731991,49.993999,310.009796,1060.058472,49.993999,-87.800003
37,1,531.179993,586.028198,276.032593,-131.680252,310.009796,1060.058472,49.993999,-87.800003
37,3,599.780029,75.248489,195.790405,-155.142853,310.009796,1060.058472,49.993999,-87.800003
37,5,443.769989,412.869781,336.281372,-137.551300,310.009796,1060.058472,49.993999,-87.800003
37,6,455.179993,263.377319,320.189880,-142.373383,310.009796,1060.058472,49.993999,-87.800003
37,7,387.160004,909.915344,1043.074951,-82.422523,310.009796,1060.058472,49.993999,-87.800003
37,8,425.010010,-322.365875,995.735596,-95.367981,310.009796,1060.058472,49.993999,-87.800003
37,9,609.419983,945.075256,1766.800903,49.993999,310.009796,1060.058472,49.993999,-87.800003
37,10,293.679993,366.393036,1676.357178,49.993999,310.009796,1060.058472,49.993999,-87.800003
37,11,292.820007,236.521866,1670.507446,49.993999,310.009796,1060.058472,49.993999,-87.800003
37,12,683.469971,-372.185913,1772.964355,49.993999,310.009796,1060.058472,49.993999,-87.800003
37,13,695.250000,656.133423,104.245018,-70.734894,310.009796,1060.058472,49.993999,-87.800003
37,15,910.080017,833.544067,-49.731991,49.993999,310.009796,1060.058472,49.993999,-87.800003
38,1,531.179993,586.028198,276.032593,-131.680252,310.009796,1060.058472,49.993999,-87.800003
38,3,599.780029,75.248489,195.790405,-155.142853,310.009796,1060.058472,49.993999,-87.800003
38,5,443.769989,412.869781,336.281372,-137.551300,310.009796,1060.058472,49.993999,-87.800003
38,6,455.179993,263.377319,320.189880,-142.373383,310.009796,1060.058472,49.993999,-87.800003
38,7,387.160004,909.915344,1043.074951,-82.422523,310.009796,1060.058472,49.993999,-87.800003
38,8,425.010010,-322.365875,995.735596,-95.367981,310.009796,1060.058472,49.993999,-87.800003
38,9,609.419983,945.075256,1766.800903,49.993999,310.009796,1060.058472,49.993999,-87.800003
38,10,293.679993,366.393036,1676.357178,49.993999,310.009796,1060.058472,49.993999,-87.800003
38,11,292.820007,236.521866,1670.507446,49.993999,310.009796,1060.058472,49.993999,-87.800003
38,12,683.469971,-372.185913,1772.964355,49.993999,310.009796,1060.058472,49.993999,-87.800003
38,13,695.250000,656.133423,104.245018,-70.734894,310.009796,1060.058472,49.993999,-87.800003
38,15,910.080017,833.544067,-49.731991,49.993999,310.009796,1060.058472,49.993999,-87.800003
39,1,531.179993,586.028198,276.032593,-131.680252,310.009796,1060.058472,49.993999,-87.800003
39,3,599.780029,75.248489,195.790405,-155.142853,310.009796,1060.058472,49.993999,-87.800003
39,5,443.769989,412.869781,336.281372,-137.551300,310.009796,1060.058472,49.993999,-87.800003
39,6,455.179993,263.377319,320.189880,-142.373383,310.009796,1060.058472,49.993999,-87.800003
39,7,387.160004,909.915344,1043.074951,-82.422523,310.009796,1060.058472,49.993999,-87.800003
39,8,425.010010,-322.365875,995.735596,-95.367981,310.009796,1060.058472,49.993999,-87.800003
39,9,609.419983,945.075256,1766.800903,49.993999,310.009796,1060.058472,49.993999,-87.800003
39,10,293.679993,366.393036,1676.357178,49.993999,310.009796,1060.058472,49.993999,-87.800003
39,11,292.820007,236.521866,1670.507446,49.993999,310.009796,1060.058472,49.993999,-87.800003
39,12,683.469971,-372.185913,1772.964355,49.993999,310.009796,1060.058472,49.993999,-87.800003
39,13,695.250000,656.133423,104.245018,-70.734894,310.009796,1060.058472,49.993999,-87.800003
39,15,910.080017,833.544067,-49.731991,49.993999,310.009796,1060.058472,49.993999,-87.800003
40,1,561.299988,676.208618,207.879517,-141.981903,319.970703,990.039001,49.993999,-82.800003
40,3,632.210022,154.677139,78.881996,-166.234558,319.970703,990.039001,49.993999,-82.800003
40,5,464.000000,487.818542,259.790863,-146.100876,319.970703,990.039001,49.993999,-82.800003
40,6,474.579987,340.203125,231.477783,-150.572174,319.970703,990.039001,49.993999,-82.800003
40,7,381.589996,913.880798,1024.749390,-80.517464,319.970703,990.039001,49.993999,-82.800003
40,8,431.390015,-310.340454,870.094299,-97.550072,319.970703,990.039001,49.993999,-82.800003
40,9,604.770020,888.503967,1745.533081,49.993999,319.970703,990.039001,49.993999,-82.800003
40,10,269.720001,325.428406,1585.135498,49.993999,319.970703,990.039001,49.993999,-82.800003
40,11,275.970001,195.670151,1575.042969,49.993999,319.970703,990.039001,49.993999,-82.800003
40,12,686.520020,-424.000824,1642.847168,49.993999,319.970703,990.039001,49.993999,-82.800003
40,13,635.250000,721.072632,120.583588,-60.316006,319.970703,990.039001,49.993999,-82.800003
41,1,561.299988,676.208618,207.879517,-141.981903,319.970703,990.039001,49.993999,-82.800003
41,3,632.210022,154.677139,78.881996,-166.234558,319.970703,990.039001,49.993999,-82.800003
41,5,464.000000,487.818542,259.790863,-146.100876,319.970703,990.039001,49.993999,-82.800003
41,6,474.579987,340.203125,231.477783,-150.572174,319.970703,990.039001,49.993999,-82.800003
41,7,381.589996,913.880798,1024.749390,-80.517464,319.970703,990.039001,49.993999,-82.800003
41,8,431.390015,-310.340454,870.094299,-97.550072,319.970703,990.039001,49.993999,-82.800003
41,9,604.770020,888.503967,1745.533081,49.993999,319.970703,990.039001,49.993999,-82.800003
41,10,269.720001,325.428406,1585.135498,49.993999,319.970703,990.039001,49.993999,-82.800003
41,11,275.970001,195.670151,1575.042969,49.993999,319.970703,990.039001,49.993999,-82.800003
41,12,686.520020,-424.000824,1642.847168,49.993999,319.970703,990.039001,49.993999,-82.800003
41,13,635.250000,721.072632,120.583588,-60.316006,319.970703,990.039001,49.993999,-82.800003
42,1,561.299988,676.208618,207.879517,-141.981903,319.970703,990.039001,49.993999,-82.800003
42,3,632.210022,154.677139,78.881996,-166.234558,319.970703,990.039001,49.993999,-82.800003
42,5,464.000000,487.818542,259.790863,-146.100876,319.970703,990.039001,49.993999,-82.800003
42,6,474.579987,340.203125,231.477783,-150.572174,319.970703,990.039001,49.993999,-82.800003
42,7,381.589996,913.880798,1024.749390,-80.517464,319.970703,990.039001,49.993999,-82.800003
42,8,431.390015,-310.340454,870.094299,-97.550072,319.970703,990.039001,49.993999,-82.800003
42,9,604.770020,888.503967,1745.533081,49.993999,319.970703,990.039001,49.993999,-82.800003
42,10,269.720001,325.428406,1585.135498,49.993999,319.970703,990.039001,49.993999,-82.800003
42,11,275.970001,195.670151,1575.042969,49.993999,319.970703,990.039001,49.993999,-82.800003
42,12,686.520020,-424.000824,1642.847168,49.993999,319.970703,990.039001,49.993999,-82.800003
42,13,635.250000,721.072632,120.583588,-60.316006,319.970703,990.039001,49.993999,-82.800003
43,1,561.299988,676.208618,207.879517,-141.981903,319.970703,990.039001,49.993999,-82.800003
43,3,632.210022,154.677139,78.881996,-166.234558,319.970703,990.039001,49.993999,-82.800003
43,5,464.000000,487.818542,259.790863,-146.100876,319.970703,990.039001,49.993999,-82.800003
43,6,474.579987,340.203125,231.477783,-150.572174,319.970703,990.039001,49.993999,-82.800003
43,7,381.589996,913.880798,1024.749390,-80.517464,319.970703,990.039001,49.993999,-82.800003
43,8,431.390015,-310.340454,870.094299,-97.550072,319.970703,990.039001,49.993999,-82.800003
43,9,604.770020,888.503967,1745.533081,49.993999,319.970703,990.039001,49.993999,-82.800003
43,10,269.720001,325.428406,1585.135498,49.993999,319.970703,990.039001,49.993999,-82.800003
43,11,275.970001,195.670151,1575.042969,49.993999,319.970703,990.039001,49.993999,-82.800003
43,12,686.520020,-424.000824,1642.847168,49.993999,319.970703,990.039001,49.993999,-82.800003
43,13,635.250000,721.072632,120.583588,-60.316006,319.970703,990.039001,49.993999,-82.800003
44,1,561.299988,676.208618,207.879517,-141.981903,319.970703,990.039001,49.993999,-82.800003
44,3,632.210022,154.677139,78.881996,-166.234558,319.970703,990.039001,49.993999,-82.800003
44,5,464.000000,487.818542,259.790863,-146.100876,319.970703,990.039001,49.993999,-82.800003
44,6,474.579987,340.203125,231.477783,-150.572174,319.970703,990.039001,49.993999,-82.800003
44,7,381.589996,913.880798,1024.749390,-80.517464,319.970703,990.039001,49.993999,-82.800003
44,8,431.390015,-310.340454,870.094299,-97.550072,319.970703,990.039001,49.993999,-82.800003
44,9,604.770020,888.503967,1745.533081,49.993999,319.970703,990.039001,49.993999,-82.800003
44,10,269.720001,325.428406,1585.135498,49.993999,319.970703,990.039001,49.993999,-82.800003
44,11,275.970001,195.670151,1575.042969,49.993999,319.970703,990.039001,49.993999,-82.800003
44,12,686.520020,-424.000824,1642.847168,49.993999,319.970703,990.039001,49.993999,-82.800003
44,13,635.250000,721.072632,120.583588,-60.316006,319.970703,990.039001,49.993999,-82.800003
45,1,561.299988,676.208618,207.879517,-141.981903,319.970703,990.039001,49.993999,-82.800003
45,3,632.210022,154.677139,78.881996,-166.234558,319.970703,990.039001,49.993999,-82.800003
45,5,464.000000,487.818542,259.790863,-146.100876,319.970703,990.039001,49.993999,-82.800003
45,6,474.579987,340.203125,231.477783,-150.572174,319.970703,990.039001,49.993999,-82.800003
45,7,381.589996,913.880798,1024.749390,-80.517464,319.970703,990.039001,49.993999,-82.800003
45,8,431.390015,-310.340454,870.094299,-97.550072,319.970703,990.039001,49.993999,-82.800003
45,9,604.770020,888.503967,1745.533081,49.993999,319.970703,990.039001,49.993999,-82.800003
45,10,269.720001,325.428406,1585.135498,49.993999,319.970703,990.039001,49.993999,-82.800003
45,11,275.970001,195.670151,1575.042969,49.993999,319.970703,990.039001,49.993999,-82.800003
45,12,686.520020,-424.000824,1642.847168,49.993999,319.970703,990.039001,49.993999,-82.800003
45,13,635.250000,721.072632,120.583588,-60.316006,319.970703,990.039001,49.993999,-82.800003
46,1,561.299988,676.208618,207.879517,-141.981903,319.970703,990.039001,49.993999,-82.800003
46,3,632.210022,154.677139,78.881996,-166.234558,319.970703,990.039001,49.993999,-82.800003
46,5,464.000000,487.818542,259.790863,-146.100876,319.970703,990.039001,49.993999,-82.800003
46,6,474.579987,340.203125,231.477783,-150.572174,319.970703,990.039001,49.993999,-82.800003
46,7,381.589996,913.880798,1024.749390,-80.517464,319.970703,990.039001,49.993999,-82.800003
46,8,431.390015,-310.340454,870.094299,-97.550072,319.970703,990.039001,49.993999,-82.800003
46,9,604.770020,888.503967,1745.533081,49.993999,319.970703,990.039001,49.993999,-82.800003
46,10,269.720001,325.428406,1585.135498,49.993999,319.970703,990.039001,49.993999,-82.800003
46,11,275.970001,195.670151,1575.042969,49.993999,319.970703,990.039001,49.993999,-82.800003
46,12,686.520020,-424.000824,1642.847168,49.993999,319.970703,990.039001,49.993999,-82.800003
46,13,635.250000,721.072632,120.583588,-60.316006,319.970703,990.039001,49.993999,-82.800003
47,1,561.299988,676.208618,207.879517,-141.981903,319.970703,990.039001,49.993999,-82.800003
47,3,632.210022,154.677139,78.881996,-166.234558,319.970703,990.039001,49.993999,-82.800003
47,5,464.000000,487.818542,259.790863,-146.100876,319.970703,990.039001,49.993999,-82.800003
47,6,474.579987,340.203125,231.477783,-150.572174,319.970703,990.039001,49.993999,-82.800003
47,7,381.589996,913.880798,1024.749390,-80.517464,319.970703,990.039001,49.993999,-82.800003
47,8,431.390015,-310.340454,870.094299,-97.550072,319.970703,990.039001,49.993999,-82.800003
47,9,604.770020,888.503967,1745.533081,49.993999,319.970703,990.039001,49.993999,-82.800003
47,10,269.720001,325.428406,1585.135498,49.993999,319.970703,990.039001,49.993999,-82.800003
47,11,275.970001,195.670151,1575.042969,49.993999,319.970703,990.039001,49.993999,-82.800003
47,12,686.520020,-424.000824,1642.847168,49.993999,319.970703,990.039001,49.993999,-82.800003
47,13,635.250000,721.072632,120.583588,-60.316006,319.970703,990.039001,49.993999,-82.800003
48,1,561.299988,676.208618,207.879517,-141.981903,319.970703,990.039001,49.993999,-82.800003
48,3,632.210022,154.677139,78.881996,-166.234558,319.970703,990.039001,49.993999,-82.800003
48,5,464.000000,487.818542,259.790863,-146.100876,319.970703,990.039001,49.993999,-82.800003
48,6,474.579987,340.203125,231.477783,-150.572174,319.970703,990.039001,49.993999,-82.800003
48,7,381.589996,913.880798,1024.749390,-80.517464,319.970703,990.039001,49.993999,-82.800003
48,8,431.390015,-310.340454,870.094299,-97.550072,319.970703,990.039001,49.993999,-82.800003
48,9,604.770020,888.503967,1745.533081,49.993999,319.970703,990.039001,49.993999,-82.800003
48,10,269.720001,325.428406,1585.135498,49.993999,319.970703,990.039001,49.993999,-82.800003
48,11,275.970001,195.670151,1575.042969,49.993999,319.970703,990.039001,49.993999,-82.800003
48,12,686.520020,-424.000824,1642.847168,49.993999,319.970703,990.039001,49.993999,-82.800003
48,13,635.250000,721.072632,120.583588,-60.316006,319.970703,990.039001,49.993999,-82.800003
49,1,561.299988,676.208618,207.879517,-141.981903,319.970703,990.039001,49.993999,-82.800003
49,3,632.210022,154.677139,78.881996,-166.234558,319.970703,990.039001,49.993999,-82.800003
49,5,464.000000,487.818542,259.790863,-146.100876,319.970703,990.039001,49.993999,-82.800003
49,6,474.579987,340.203125,231.477783,-150.572174,319.970703,990.039001,49.993999,-82.800003
49,7,381.589996,913.880798,1024.749390,-80.517464,319.970703,990.039001,49.993999,-82.800003
49,8,431.390015,-310.340454,870.094299,-97.550072,319.970703,990.039001,49.993999,-82.800003
49,9,604.770020,888.503967,1745.533081,49.993999,319.970703,990.039001,49.993999,-82.800003
49,10,269.720001,325.428406,1585.135498,49.993999,319.970703,990.039001,49.993999,-82.800003
49,11,275.970001,195.670151,1575.042969,49.993999,319.970703,990.039001,49.993999,-82.800003
49,12,686.520020,-424.000824,1642.847168,49.993999,319.970703,990.039001,49.993999,-82.800003
49,13,635.250000,721.072632,120.583588,-60.316006,319.970703,990.039001,49.993999,-82.800003
50,1,561.299988,676.208618,207.879517,-141.981903,319.970703,990.039001,49.993999,-82.800003
50,3,632.210022,154.677139,78.881996,-166.234558,319.970703,990.039001,49.993999,-82.800003
50,5,464.000000,487.818542,259.790863,-146.100876,319.970703,990.039001,49.993999,-82.800003
50,6,474.579987,340.203125,231.477783,-150.572174,319.970703,990.039001,49.993999,-82.800003
50,7,381.589996,913.880798,1024.749390,-80.517464,319.970703,990.039001,49.993999,-82.800003
50,8,431.390015,-310.340454,870.094299,-97.550072,319.970703,990.039001,49.993999,-82.800003
50,9,604.770020,888.503967,1745.533081,49.993999,319.970703,990.039001,49.993999,-82.800003
50,10,269.720001,325.428406,1585.135498,49.993999,319.970703,990.039001,49.993999,-82.800003
50,11,275.970001,195.670151,1575.042969,49.993999,319.970703,990.039001,49.993999,-82.800003
50,12,686.520020,-424.000824,1642.847168,49.993999,319.970703,990.039001,49.993999,-82.800003
50,13,635.250000,721.072632,120.583588,-60.316006,319.970703,990.039001,49.993999,-82.800003
51,5,477.209991,559.422241,191.130280,-151.683655,339.990204,920.019470,49.993999,-78.900009
51,6,486.170013,413.791748,154.283371,-155.470322,339.990204,920.019470,49.993999,-78.900009
51,7,392.809998,940.510254,997.074219,-84.354935,339.990204,920.019470,49.993999,-78.900009
51,8,416.790009,-267.240417,760.123108,-92.556580,339.990204,920.019470,49.993999,-78.900009
51,9,634.729980,870.300964,1738.661865,49.993999,339.990204,920.019470,49.993999,-78.900009
51,10,259.500000,306.927216,1504.080322,49.993999,339.990204,920.019470,49.993999,-78.900009
51,11,263.269989,178.633377,1482.751953,49.993999,339.990204,920.019470,49.993999,-78.900009
51,12,646.799988,-415.747528,1495.771851,49.993999,339.990204,920.019470,49.993999,-78.900009
52,5,477.209991,559.422241,191.130280,-151.683655,339.990204,920.019470,49.993999,-78.900009
52,6,486.170013,413.791748,154.283371,-155.470322,339.990204,920.019470,49.993999,-78.900009
52,7,392.809998,940.510254,997.074219,-84.354935,339.990204,920.019470,49.993999,-78.900009
52,8,416.790009,-267.240417,760.123108,-92.556580,339.990204,920.019470,49.993999,-78.900009
52,9,634.729980,870.300964,1738.661865,49.993999,339.990204,920.019470,49.993999,-78.900009
52,10,259.500000,306.927216,1504.080322,49.993999,339.990204,920.019470,49.993999,-78.900009
52,11,263.269989,178.633377,1482.751953,49.993999,339.990204,920.019470,49.993999,-78.900009
52,12,646.799988,-415.747528,1495.771851,49.993999,339.990204,920.019470,49.993999,-78.900009
53,5,477.209991,559.422241,191.130280,-151.683655,339.990204,920.019470,49.993999,-78.900009
53,6,486.170013,413.791748,154.283371,-155.470322,339.990204,920.019470,49.993999,-78.900009
53,7,392.809998,940.510254,997.074219,-84.354935,339.990204,920.019470,49.993999,-78.900009
53,8,416.790009,-267.240417,760.123108,-92.556580,339.990204,920.019470,49.993999,-78.900009
53,9,634.729980,870.300964,1738.661865,49.993999,339.990204,920.019470,49.993999,-78.900009
53,10,259.500000,306.927216,1504.080322,49.993999,339.990204,920.019470,49.993999,-78.900009
53,11,263.269989,178.633377,1482.751953,49.993999,339.990204,920.019470,49.993999,-78.900009
53,12,646.799988,-415.747528,1495.771851,49.993999,339.990204,920.019470,49.993999,-78.900009
54,5,477.209991,559.422241,191.130280,-151.683655,339.990204,920.019470,49.993999,-78.900009
54,6,486.170013,413.791748,154.283371,-155.470322,339.990204,920.019470,49.993999,-78.900009
54,7,392.809998,940.510254,997.074219,-84.354935,339.990204,920.019470,49.993999,-78.900009
54,8,416.790009,-267.240417,760.123108,-92.556580,339.990204,920.019470,49.993999,-78.900009
54,9,634.729980,870.300964,1738.661865,49.993999,339.990204,920.019470,49.993999,-78.900009
54,10,259.500000,306.927216,1504.080322,49.993999,339.990204,920.019470,49.993999,-78.900009
54,11,263.269989,178.633377,1482.751953,49.993999,339.990204,920.019470,49.993999,-78.900009
54,12,646.799988,-415.747528,1495.771851,49.993999,339.990204,920.019470,49.993999,-78.900009
55,5,477.209991,559.422241,191.130280,-151.683655,339.990204,920.019470,49.993999,-78.900009
55,6,486.170013,413.791748,154.283371,-155.470322,339.990204,920.019470,49.993999,-78.900009
55,7,392.809998,940.510254,997.074219,-84.354935,339.990204,920.019470,49.993999,-78.900009
55,8,416.790009,-267.240417,760.123108,-92.556580,339.990204,920.019470,49.993999,-78.900009
55,9,634.729980,870.300964,1738.661865,49.993999,339.990204,920.019470,49.993999,-78.900009
55,10,259.500000,306.927216,1504.080322,49.993999,339.990204,920.019470,49.993999,-78.900009
55,11,263.269989,178.633377,1482.751953,49.993999,339.990204,920.019470,49.993999,-78.900009
55,12,646.799988,-415.747528,1495.771851,49.993999,339.990204,920.019470,49.993999,-78.900009
56,5,477.209991,559.422241,191.130280,-151.683655,339.990204,920.019470,49.993999,-78.900009
56,6,486.170013,413.791748,154.283371,-155.470322,339.990204,920.019470,49.993999,-78.900009
56,7,392.809998,940.510254,997.074219,-84.354935,339.990204,920.019470,49.993999,-78.900009
56,8,416.790009,-267.240417,760.123108,-92.556580,339.990204,920.019470,49.993999,-78.900009
56,9,634.729980,870.300964,1738.661865,49.993999,339.990204,920.019470,49.993999,-78.900009
56,10,259.500000,306.927216,1504.080322,49.993999,339.990204,920.019470,49.993999,-78.900009
56,11,263.269989,178.633377,1482.751953,49.993999,339.990204,920.019470,49.993999,-78.900009
56,12,646.799988,-415.747528,1495.771851,49.993999,339.990204,920.019470,49.993999,-78.900009
57,5,477.209991,559.422241,191.130280,-151.683655,339.990204,920.019470,49.993999,-78.900009
57,6,486.170013,413.791748,154.283371,-155.470322,339.990204,920.019470,49.993999,-78.900009
57,7,392.809998,940.510254,997.074219,-84.354935,339.990204,920.019470,49.993999,-78.900009
57,8,416.790009,-267.240417,760.123108,-92.556580,339.990204,920.019470,49.993999,-78.900009
57,9,634.729980,870.300964,1738.661865,49.993999,339.990204,920.019470,49.993999,-78.900009
57,10,259.500000,306.927216,1504.080322,49.993999,339.990204,920.019470,49.993999,-78.900009
57,11,263.269989,178.633377,1482.751953,49.993999,339.990204,920.019470,49.993999,-78.900009
57,12,646.799988,-415.747528,1495.771851,49.993999,339.990204,920.019470,49.993999,-78.900009
58,5,477.209991,559.422241,191.130280,-151.683655,339.990204,920.019470,49.993999,-78.900009
58,6,486.170013,413.791748,154.283371,-155.470322,339.990204,920.019470,49.993999,-78.900009
58,7,392.809998,940.510254,997.074219,-84.354935,339.990204,920.019470,49.993999,-78.900009
58,8,416.790009,-267.240417,760.123108,-92.556580,339.990204,920.019470,49.993999,-78.900009
58,9,634.729980,870.300964,1738.661865,49.993999,339.990204,920.019470,49.993999,-78.900009
58,10,259.500000,306.927216,1504.080322,49.993999,339.990204,920.019470,49.993999,-78.900009
58,11,263.269989,178.633377,1482.751953,49.993999,339.990204,920.019470,49.993999,-78.900009
58,12,646.799988,-415.747528,1495.771851,49.993999,339.990204,920.019470,49.993999,-78.900009
59,5,477.209991,559.422241,191.130280,-151.683655,339.990204,920.019470,49.993999,-78.900009
59,6,486.170013,413.791748,154.283371,-155.470322,339.990204,920.019470,49.993999,-78.900009
59,7,392.809998,940.510254,997.074219,-84.354935,339.990204,920.019470,49.993999,-78.900009
59,8,416.790009,-267.240417,760.123108,-92.556580,339.990204,920.019470,49.993999,-78.900009
59,9,634.729980,870.300964,1738.661865,49.993999,339.990204,920.019470,49.993999,-78.900009
59,10,259.500000,306.927216,1504.080322,49.993999,339.990204,920.019470,49.993999,-78.900009
59,11,263.269989,178.633377,1482.751953,49.993999,339.990204,920.019470,49.993999,-78.900009
59,12,646.799988,-415.747528,1495.771851,49.993999,339.990204,920.019470,49.993999,-78.900009
60,5,477.209991,559.422241,191.130280,-151.683655,339.990204,920.019470,49.993999,-78.900009
60,6,486.170013,413.791748,154.283371,-155.470322,339.990204,920.019470,49.993999,-78.900009
60,7,392.809998,940.510254,997.074219,-84.354935,339.990204,920.019470,49.993999,-78.900009
60,8,416.790009,-267.240417,760.123108,-92.556580,339.990204,920.019470,49.993999,-78.900009
60,9,634.729980,870.300964,1738.661865,49.993999,339.990204,920.019470,49.993999,-78.900009
60,10,259.500000,306.927216,1504.080322,49.993999,339.990204,920.019470,49.993999,-78.900009
60,11,263.269989,178.633377,1482.751953,49.993999,339.990204,920.019470,49.993999,-78.900009
60,12,646.799988,-415.747528,1495.771851,49.993999,339.990204,920.019470,49.993999,-78.900009
61,6,469.829987,499.641235,96.717354,-138.567139,369.970703,840.039001,59.991600,-74.400009
61,7,383.720001,954.366760,961.675354,-71.248367,369.970703,840.039001,59.991600,-74.400009
61,8,418.769989,-224.634720,632.492432,-83.236168,369.970703,840.039001,59.991600,-74.400009
61,9,605.890015,822.502808,1671.501343,59.991600,369.970703,840.039001,59.991600,-74.400009
61,10,292.010010,282.442169,1451.017700,59.991600,369.970703,840.039001,59.991600,-74.400009
61,11,299.250000,155.284058,1423.031494,59.991600,369.970703,840.039001,59.991600,-74.400009
61,12,700.450012,-472.877686,1385.032471,59.991600,369.970703,840.039001,59.991600,-74.400009
62,6,469.829987,499.641235,96.717354,-138.567139,369.970703,840.039001,59.991600,-74.400009
62,7,383.720001,954.366760,961.675354,-71.248367,369.970703,840.039001,59.991600,-74.400009
62,8,418.769989,-224.634720,632.492432,-83.236168,369.970703,840.039001,59.991600,-74.400009
62,9,605.890015,822.502808,1671.501343,59.991600,369.970703,840.039001,59.991600,-74.400009
62,10,292.010010,282.442169,1451.017700,59.991600,369.970703,840.039001,59.991600,-74.400009
62,11,299.250000,155.284058,1423.031494,59.991600,369.970703,840.039001,59.991600,-74.400009
62,12,700.450012,-472.877686,1385.032471,59.991600,369.970703,840.039001,59.991600,-74.400009
63,6,469.829987,499.641235,96.717354,-138.567139,369.970703,840.039001,59.991600,-74.400009
63,7,383.720001,954.366760,961.675354,-71.248367,369.970703,840.039001,59.991600,-74.400009
63,8,418.769989,-224.634720,632.492432,-83.236168,369.970703,840.039001,59.991600,-74.400009
63,9,605.890015,822.502808,1671.501343,59.991600,369.970703,840.039001,59.991600,-74.400009
63,10,292.010010,282.442169,1451.017700,59.991600,369.970703,840.039001,59.991600,-74.400009
63,11,299.250000,155.284058,1423.031494,59.991600,369.970703,840.039001,59.991600,-74.400009
63,12,700.450012,-472.877686,1385.032471,59.991600,369.970703,840.039001,59.991600,-74.400009
64,6,469.829987,499.641235,96.717354,-138.567139,369.970703,840.039001,59.991600,-74.400009
64,7,383.720001,954.366760,961.675354,-71.248367,369.970703,840.039001,59.991600,-74.400009
64,8,418.769989,-224.634720,632.492432,-83.236168,369.970703,840.039001,59.991600,-74.400009
64,9,605.890015,822.502808,1671.501343,59.991600,369.970703,840.039001,59.991600,-74.400009
64,10,292.010010,282.442169,1451.017700,59.991600,369.970703,840.039001,59.991600,-74.400009
64,11,299.250000,155.284058,1423.031494,59.991600,369.970703,840.039001,59.991600,-74.400009
64,12,700.450012,-472.877686,1385.032471,59.991600,369.970703,840.039001,59.991600,-74.400009
65,6,469.829987,499.641235,96.717354,-138.567139,369.970703,840.039001,59.991600,-74.400009
65,7,383.720001,954.366760,961.675354,-71.248367,369.970703,840.039001,59.991600,-74.400009
65,8,418.769989,-224.634720,632.492432,-83.236168,369.970703,840.039001,59.991600,-74.400009
65,9,605.890015,822.502808,1671.501343,59.991600,369.970703,840.039001,59.991600,-74.400009
65,10,292.010010,282.442169,1451.017700,59.991600,369.970703,840.039001,59.991600,-74.400009
65,11,299.250000,155.284058,1423.031494,59.991600,369.970703,840.039001,59.991600,-74.400009
65,12,700.450012,-472.877686,1385.032471,59.991600,369.970703,840.039001,59.991600,-74.400009
66,6,469.829987,499.641235,96.717354,-138.567139,369.970703,840.039001,59.991600,-74.400009
66,7,383.720001,954.366760,961.675354,-71.248367,369.970703,840.039001,59.991600,-74.400009
66,8,418.769989,-224.634720,632.492432,-83.236168,369.970703,840.039001,59.991600,-74.400009
66,9,605.890015,822.502808,1671.501343,59.991600,369.970703,840.039001,59.991600,-74.400009
66,10,292.010010,282.442169,1451.017700,59.991600,369.970703,840.039001,59.991600,-74.400009
66,11,299.250000,155.284058,1423.031494,59.991600,369.970703,840.039001,59.991600,-74.400009
66,12,700.450012,-472.877686,1385.032471,59.991600,369.970703,840.039001,59.991600,-74.400009
67,6,469.829987,499.641235,96.717354,-138.567139,369.970703,840.039001,59.991600,-74.400009
67,7,383.720001,954.366760,961.675354,-71.248367,369.970703,840.039001,59.991600,-74.400009
67,8,418.769989,-224.634720,632.492432,-83.236168,369.970703,840.039001,59.991600,-74.400009
67,9,605.890015,822.502808,1671.501343,59.991600,369.970703,840.039001,59.991600,-74.400009
67,10,292.010010,282.442169,1451.017700,59.991600,369.970703,840.039001,59.991600,-74.400009
67,11,299.250000,155.284058,1423.031494,59.991600,369.970703,840.039001,59.991600,-74.400009
67,12,700.450012,-472.877686,1385.032471,59.991600,369.970703,840.039001,59.991600,-74.400009
68,6,469.829987,499.641235,96.717354,-138.567139,369.970703,840.039001,59.991600,-74.400009
68,7,383.720001,954.366760,961.675354,-71.248367,369.970703,840.039001,59.991600,-74.400009
68,8,418.769989,-224.634720,632.492432,-83.236168,369.970703,840.039001,59.991600,-74.400009
68,9,605.890015,822.502808,1671.501343,59.991600,369.970703,840.039001,59.991600,-74.400009
68,10,292.010010,282.442169,1451.017700,59.991600,369.970703,840.039001,59.991600,-74.400009
68,11,299.250000,155.284058,1423.031494,59.991600,369.970703,840.039001,59.991600,-74.400009
68,12,700.450012,-472.877686,1385.032471,59.991600,369.970703,840.039001,59.991600,-74.400009
69,6,469.829987,499.641235,96.717354,-138.567139,369.970703,840.039001,59.991600,-74.400009
69,7,383.720001,954.366760,961.675354,-71.248367,369.970703,840.039001,59.991600,-74.400009
69,8,418.769989,-224.634720,632.492432,-83.236168,369.970703,840.039001,59.991600,-74.400009
69,9,605.890015,822.502808,1671.501343,59.991600,369.970703,840.039001,59.991600,-74.400009
69,10,292.010010,282.442169,1451.017700,59.991600,369.970703,840.039001,59.991600,-74.400009
69,11,299.250000,155.284058,1423.031494,59.991600,369.970703,840.039001,59.991600,-74.400009
69,12,700.450012,-472.877686,1385.032471,59.991600,369.970703,840.039001,59.991600,-74.400009
